ype,date,time,latitude,longitude,speed_mph,course
T,2021-04-15,18:18:22,28.625928333,-81.700033333,0.1,146.7,
T,2021-04-15,18:18:23,28.625930000,-81.700033333,0.1,152.2,
T,2021-04-15,18:18:24,28.625931667,-81.700031667,0.0,174.1,
T,2021-04-15,18:18:25,28.625931667,-81.700031667,0.1,201.1,
T,2021-04-15,18:18:26,28.625931667,-81.700031667,0.0,121.6,
T,2021-04-15,18:18:27,28.625931667,-81.700031667,0.0,353.9,
T,2021-04-15,18:18:28,28.625933333,-81.700031667,0.0,311.9,
T,2021-04-15,18:18:29,28.625933333,-81.700033333,0.0,136.2,
T,2021-04-15,18:18:30,28.625933333,-81.700033333,0.0,161.3,
T,2021-04-15,18:18:31,28.625935000,-81.700035000,0.0,104.1,
T,2021-04-15,18:18:32,28.625935000,-81.700036667,0.0,332.6,
T,2021-04-15,18:18:33,28.625936667,-81.700036667,0.0,127.2,
T,2021-04-15,18:18:34,28.625938333,-81.700038333,0.0,341.3,
T,2021-04-15,18:18:35,28.625938333,-81.700038333,0.0,258.1,
T,2021-04-15,18:18:36,28.625940000,-81.700038333,0.0,0.3,
T,2021-04-15,18:18:37,28.625940000,-81.700040000,0.0,129.8,
T,2021-04-15,18:18:38,28.625940000,-81.700040000,0.0,347.5,
T,2021-04-15,18:18:39,28.625940000,-81.700041667,0.0,150.1,
T,2021-04-15,18:18:40,28.625940000,-81.700041667,0.0,38.6,
T,2021-04-15,18:18:41,28.625941667,-81.700043333,0.0,0.0,
T,2021-04-15,18:18:42,28.625941667,-81.700043333,0.0,203.6,
T,2021-04-15,18:18:43,28.625941667,-81.700043333,0.0,353.9,
T,2021-04-15,18:18:44,28.625941667,-81.700043333,0.0,184.8,
T,2021-04-15,18:18:45,28.625941667,-81.700043333,0.0,42.8,
T,2021-04-15,18:18:46,28.625941667,-81.700043333,0.0,306.6,
T,2021-04-15,18:18:47,28.625941667,-81.700043333,0.0,340.4,
T,2021-04-15,18:18:48,28.625941667,-81.700043333,0.0,249.6,
T,2021-04-15,18:18:49,28.625941667,-81.700043333,0.0,181.9,
T,2021-04-15,18:18:50,28.625941667,-81.700043333,0.0,298.3,
T,2021-04-15,18:18:51,28.625941667,-81.700043333,0.0,314.2,
T,2021-04-15,18:18:52,28.625941667,-81.700043333,0.0,287.8,
T,2021-04-15,18:18:53,28.625941667,-81.700043333,0.0,275.9,
T,2021-04-15,18:18:54,28.625941667,-81.700043333,0.0,70.7,
T,2021-04-15,18:18:55,28.625941667,-81.700043333,0.0,290.9,
T,2021-04-15,18:18:56,28.625941667,-81.700043333,0.0,353.9,
T,2021-04-15,18:18:57,28.625941667,-81.700043333,0.0,312.6,
T,2021-04-15,18:18:58,28.625941667,-81.700043333,0.0,140.3,
T,2021-04-15,18:18:59,28.625941667,-81.700043333,0.0,163.9,
T,2021-04-15,18:19:00,28.625941667,-81.700043333,0.0,344.9,
T,2021-04-15,18:19:01,28.625941667,-81.700043333,0.0,198.9,
T,2021-04-15,18:19:02,28.625941667,-81.700043333,0.0,336.4,
T,2021-04-15,18:19:03,28.625941667,-81.700043333,0.0,229.3,
T,2021-04-15,18:19:04,28.625941667,-81.700043333,0.0,44.2,
T,2021-04-15,18:19:05,28.625941667,-81.700043333,0.0,165.1,
T,2021-04-15,18:19:06,28.625941667,-81.700043333,0.0,315.6,
T,2021-04-15,18:19:07,28.625941667,-81.700043333,0.0,339.9,
T,2021-04-15,18:19:08,28.625941667,-81.700043333,0.0,348.6,
T,2021-04-15,18:19:09,28.625941667,-81.700043333,0.0,33.3,
T,2021-04-15,18:19:10,28.625941667,-81.700043333,0.0,75.4,
T,2021-04-15,18:19:11,28.625941667,-81.700043333,0.0,175.2,
T,2021-04-15,18:19:12,28.625941667,-81.700043333,0.0,358.5,
T,2021-04-15,18:19:13,28.625941667,-81.700043333,0.0,272.1,
T,2021-04-15,18:19:14,28.625941667,-81.700043333,0.0,74.7,
T,2021-04-15,18:19:15,28.625941667,-81.700043333,0.0,351.7,
T,2021-04-15,18:19:16,28.625941667,-81.700043333,0.0,215.4,
T,2021-04-15,18:19:17,28.625941667,-81.700043333,0.0,31.0,
T,2021-04-15,18:19:18,28.625941667,-81.700043333,0.0,205.7,
T,2021-04-15,18:19:19,28.625941667,-81.700043333,0.0,208.0,
T,2021-04-15,18:19:20,28.625941667,-81.700043333,0.0,332.1,
T,2021-04-15,18:19:21,28.625940000,-81.700043333,0.0,33.6,
T,2021-04-15,18:19:22,28.625940000,-81.700043333,0.0,0.0,
T,2021-04-15,18:19:23,28.625940000,-81.700043333,0.0,330.7,
T,2021-04-15,18:19:24,28.625940000,-81.700043333,0.0,8.2,
T,2021-04-15,18:19:25,28.625940000,-81.700043333,0.0,176.4,
T,2021-04-15,18:19:26,28.625940000,-81.700043333,0.0,24.4,
T,2021-04-15,18:19:27,28.625940000,-81.700043333,0.0,337.6,
T,2021-04-15,18:19:28,28.625940000,-81.700043333,0.0,335.8,
T,2021-04-15,18:19:29,28.625940000,-81.700043333,0.0,191.6,
T,2021-04-15,18:19:30,28.625940000,-81.700043333,0.0,354.2,
T,2021-04-15,18:19:31,28.625940000,-81.700043333,0.0,303.3,
T,2021-04-15,18:19:32,28.625940000,-81.700043333,0.0,27.4,
T,2021-04-15,18:19:33,28.625940000,-81.700043333,0.0,200.5,
T,2021-04-15,18:19:34,28.625940000,-81.700043333,0.0,333.1,
T,2021-04-15,18:19:35,28.625940000,-81.700043333,0.0,150.9,
T,2021-04-15,18:19:36,28.625940000,-81.700043333,0.0,75.8,
T,2021-04-15,18:19:37,28.625940000,-81.700043333,0.0,285.9,
T,2021-04-15,18:19:38,28.625940000,-81.700043333,0.0,346.9,
T,2021-04-15,18:19:39,28.625940000,-81.700043333,0.0,154.0,
T,2021-04-15,18:19:40,28.625940000,-81.700043333,0.0,107.1,
T,2021-04-15,18:19:41,28.625940000,-81.700043333,0.0,311.6,
T,2021-04-15,18:19:42,28.625940000,-81.700043333,0.0,101.9,
T,2021-04-15,18:19:43,28.625940000,-81.700043333,0.0,321.8,
T,2021-04-15,18:19:44,28.625940000,-81.700043333,0.0,207.5,
T,2021-04-15,18:19:45,28.625940000,-81.700043333,0.0,269.3,
T,2021-04-15,18:19:46,28.625940000,-81.700043333,0.0,187.6,
T,2021-04-15,18:19:47,28.625940000,-81.700043333,0.0,293.7,
T,2021-04-15,18:19:48,28.625940000,-81.700043333,0.0,67.0,
T,2021-04-15,18:19:49,28.625940000,-81.700043333,0.0,212.5,
T,2021-04-15,18:19:50,28.625940000,-81.700043333,0.0,331.2,
T,2021-04-15,18:19:51,28.625940000,-81.700043333,0.0,334.5,
T,2021-04-15,18:19:52,28.625940000,-81.700043333,0.0,302.0,
T,2021-04-15,18:19:53,28.625940000,-81.700043333,0.0,331.9,
T,2021-04-15,18:19:54,28.625940000,-81.700043333,0.0,311.1,
T,2021-04-15,18:19:55,28.625940000,-81.700043333,0.0,142.7,
T,2021-04-15,18:19:56,28.625940000,-81.700043333,0.0,271.0,
T,2021-04-15,18:19:57,28.625940000,-81.700043333,0.0,47.2,
T,2021-04-15,18:19:58,28.625940000,-81.700043333,0.0,304.8,
T,2021-04-15,18:19:59,28.625940000,-81.700043333,0.0,210.2,
T,2021-04-15,18:20:00,28.625940000,-81.700043333,0.0,113.4,
T,2021-04-15,18:20:01,28.625938333,-81.700041667,0.0,111.1,
T,2021-04-15,18:20:02,28.625938333,-81.700041667,0.1,107.5,
T,2021-04-15,18:20:03,28.625938333,-81.700041667,0.0,138.8,
T,2021-04-15,18:20:04,28.625936667,-81.700041667,0.0,200.6,
T,2021-04-15,18:20:05,28.625936667,-81.700041667,0.0,255.7,
T,2021-04-15,18:20:06,28.625935000,-81.700041667,0.1,274.8,
T,2021-04-15,18:20:07,28.625935000,-81.700041667,0.1,280.5,
T,2021-04-15,18:20:08,28.625935000,-81.700041667,0.1,283.8,
T,2021-04-15,18:20:09,28.625933333,-81.700041667,0.1,304.1,
T,2021-04-15,18:20:10,28.625933333,-81.700041667,0.0,352.4,
T,2021-04-15,18:20:11,28.625931667,-81.700040000,0.0,111.3,
T,2021-04-15,18:20:12,28.625931667,-81.700040000,0.0,108.2,
T,2021-04-15,18:20:13,28.625930000,-81.700038333,0.0,109.7,
T,2021-04-15,18:20:14,28.625930000,-81.700038333,0.0,112.7,
T,2021-04-15,18:20:15,28.625928333,-81.700038333,0.0,175.4,
T,2021-04-15,18:20:16,28.625928333,-81.700036667,0.0,272.9,
T,2021-04-15,18:20:17,28.625928333,-81.700036667,0.0,298.6,
T,2021-04-15,18:20:18,28.625928333,-81.700036667,0.0,286.5,
T,2021-04-15,18:20:19,28.625928333,-81.700036667,0.0,290.4,
T,2021-04-15,18:20:20,28.625926667,-81.700036667,0.0,293.6,
T,2021-04-15,18:20:21,28.625926667,-81.700036667,0.0,352.6,
T,2021-04-15,18:20:22,28.625926667,-81.700036667,0.0,83.2,
T,2021-04-15,18:20:23,28.625926667,-81.700035000,0.0,113.8,
T,2021-04-15,18:20:24,28.625926667,-81.700035000,0.0,117.5,
T,2021-04-15,18:20:25,28.625926667,-81.700035000,0.0,107.8,
T,2021-04-15,18:20:26,28.625926667,-81.700033333,0.0,110.4,
T,2021-04-15,18:20:27,28.625925000,-81.700033333,0.0,156.1,
T,2021-04-15,18:20:28,28.625925000,-81.700033333,0.0,285.2,
T,2021-04-15,18:20:29,28.625926667,-81.700033333,0.0,299.7,
T,2021-04-15,18:20:30,28.625925000,-81.700035000,0.0,300.0,
T,2021-04-15,18:20:31,28.625926667,-81.700035000,0.0,303.1,
T,2021-04-15,18:20:32,28.625925000,-81.700035000,0.0,299.7,
T,2021-04-15,18:20:33,28.625925000,-81.700035000,0.0,346.4,
T,2021-04-15,18:20:34,28.625925000,-81.700035000,0.0,97.8,
T,2021-04-15,18:20:35,28.625925000,-81.700035000,0.0,125.1,
T,2021-04-15,18:20:36,28.625923333,-81.700035000,0.0,113.3,
T,2021-04-15,18:20:37,28.625923333,-81.700035000,0.0,129.5,
T,2021-04-15,18:20:38,28.625921667,-81.700035000,0.0,122.6,
T,2021-04-15,18:20:39,28.625921667,-81.700035000,0.0,166.3,
T,2021-04-15,18:20:40,28.625921667,-81.700035000,0.0,270.7,
T,2021-04-15,18:20:41,28.625921667,-81.700035000,0.0,304.5,
T,2021-04-15,18:20:42,28.625921667,-81.700036667,0.0,300.8,
T,2021-04-15,18:20:43,28.625921667,-81.700036667,0.0,298.4,
T,2021-04-15,18:20:44,28.625921667,-81.700036667,0.0,301.2,
T,2021-04-15,18:20:45,28.625921667,-81.700036667,0.0,336.0,
T,2021-04-15,18:20:46,28.625921667,-81.700036667,0.0,97.1,
T,2021-04-15,18:20:47,28.625921667,-81.700036667,0.0,107.1,
T,2021-04-15,18:20:48,28.625921667,-81.700036667,0.0,124.2,
T,2021-04-15,18:20:49,28.625921667,-81.700036667,0.0,122.6,
T,2021-04-15,18:20:50,28.625921667,-81.700036667,0.0,123.1,
T,2021-04-15,18:20:51,28.625921667,-81.700036667,0.0,165.4,
T,2021-04-15,18:20:52,28.625921667,-81.700036667,0.0,200.2,
T,2021-04-15,18:20:53,28.625921667,-81.700036667,0.0,291.0,
T,2021-04-15,18:20:54,28.625921667,-81.700036667,0.0,288.0,
T,2021-04-15,18:20:55,28.625921667,-81.700036667,0.0,284.1,
T,2021-04-15,18:20:56,28.625921667,-81.700036667,0.0,294.8,
T,2021-04-15,18:20:57,28.625921667,-81.700036667,0.0,308.5,
T,2021-04-15,18:20:58,28.625921667,-81.700036667,0.0,150.4,
T,2021-04-15,18:20:59,28.625921667,-81.700036667,0.0,129.5,
T,2021-04-15,18:21:00,28.625921667,-81.700036667,0.0,133.5,
T,2021-04-15,18:21:01,28.625921667,-81.700036667,0.0,130.7,
T,2021-04-15,18:21:02,28.625921667,-81.700036667,0.0,152.7,
T,2021-04-15,18:21:03,28.625921667,-81.700036667,0.0,286.6,
T,2021-04-15,18:21:04,28.625921667,-81.700036667,0.0,313.6,
T,2021-04-15,18:21:05,28.625921667,-81.700036667,0.0,310.6,
T,2021-04-15,18:21:06,28.625921667,-81.700036667,0.0,306.3,
T,2021-04-15,18:21:07,28.625921667,-81.700036667,0.0,302.4,
T,2021-04-15,18:21:08,28.625921667,-81.700036667,0.0,302.0,
T,2021-04-15,18:21:09,28.625921667,-81.700036667,0.0,233.3,
T,2021-04-15,18:21:10,28.625921667,-81.700036667,0.0,117.9,
T,2021-04-15,18:21:11,28.625921667,-81.700036667,0.0,119.0,
T,2021-04-15,18:21:12,28.625921667,-81.700036667,0.0,125.0,
T,2021-04-15,18:21:13,28.625921667,-81.700036667,0.0,122.7,
T,2021-04-15,18:21:14,28.625921667,-81.700036667,0.0,117.5,
T,2021-04-15,18:21:15,28.625921667,-81.700036667,0.0,167.2,
T,2021-04-15,18:21:16,28.625921667,-81.700036667,0.0,269.9,
T,2021-04-15,18:21:17,28.625921667,-81.700036667,0.0,322.5,
T,2021-04-15,18:21:18,28.625921667,-81.700036667,0.0,317.2,
T,2021-04-15,18:21:19,28.625921667,-81.700036667,0.0,323.6,
T,2021-04-15,18:21:20,28.625921667,-81.700036667,0.0,312.2,
T,2021-04-15,18:21:21,28.625921667,-81.700036667,0.0,293.7,
T,2021-04-15,18:21:22,28.625921667,-81.700036667,0.0,155.5,
T,2021-04-15,18:21:23,28.625921667,-81.700036667,0.0,147.0,
T,2021-04-15,18:21:24,28.625921667,-81.700036667,0.0,145.8,
T,2021-04-15,18:21:25,28.625921667,-81.700036667,0.0,143.1,
T,2021-04-15,18:21:26,28.625921667,-81.700036667,0.0,140.0,
T,2021-04-15,18:21:27,28.625921667,-81.700036667,0.0,118.3,
T,2021-04-15,18:21:28,28.625921667,-81.700036667,0.0,335.4,
T,2021-04-15,18:21:29,28.625921667,-81.700036667,0.0,334.1,
T,2021-04-15,18:21:30,28.625921667,-81.700036667,0.0,343.7,
T,2021-04-15,18:21:31,28.625921667,-81.700036667,0.0,331.2,
T,2021-04-15,18:21:32,28.625921667,-81.700036667,0.0,337.4,
T,2021-04-15,18:21:33,28.625921667,-81.700036667,0.0,338.6,
T,2021-04-15,18:21:34,28.625921667,-81.700036667,0.0,227.4,
T,2021-04-15,18:21:35,28.625921667,-81.700036667,0.0,199.5,
T,2021-04-15,18:21:36,28.625921667,-81.700036667,0.0,194.2,
T,2021-04-15,18:21:37,28.625921667,-81.700036667,0.0,180.0,
T,2021-04-15,18:21:38,28.625921667,-81.700036667,0.0,184.2,
T,2021-04-15,18:21:39,28.625921667,-81.700036667,0.0,122.7,
T,2021-04-15,18:21:40,28.625921667,-81.700036667,0.0,39.5,
T,2021-04-15,18:21:41,28.625921667,-81.700036667,0.0,8.0,
T,2021-04-15,18:21:42,28.625921667,-81.700036667,0.0,16.7,
T,2021-04-15,18:21:43,28.625921667,-81.700036667,0.0,3.7,
T,2021-04-15,18:21:44,28.625921667,-81.700036667,0.0,12.8,
T,2021-04-15,18:21:45,28.625921667,-81.700036667,0.0,335.7,
T,2021-04-15,18:21:46,28.625921667,-81.700036667,0.0,264.1,
T,2021-04-15,18:21:47,28.625921667,-81.700036667,0.0,191.5,
T,2021-04-15,18:21:48,28.625921667,-81.700036667,0.0,195.8,
T,2021-04-15,18:21:49,28.625921667,-81.700036667,0.0,201.3,
T,2021-04-15,18:21:50,28.625921667,-81.700036667,0.0,189.7,
T,2021-04-15,18:21:51,28.625921667,-81.700036667,0.0,173.0,
T,2021-04-15,18:21:52,28.625921667,-81.700036667,0.0,37.2,
T,2021-04-15,18:21:53,28.625921667,-81.700036667,0.0,5.1,
T,2021-04-15,18:21:54,28.625921667,-81.700036667,0.0,6.0,
T,2021-04-15,18:21:55,28.625921667,-81.700036667,0.0,0.4,
T,2021-04-15,18:21:56,28.625921667,-81.700036667,0.0,15.5,
T,2021-04-15,18:21:57,28.625921667,-81.700036667,0.0,340.8,
T,2021-04-15,18:21:58,28.625921667,-81.700036667,0.0,254.3,
T,2021-04-15,18:21:59,28.625921667,-81.700036667,0.0,194.8,
T,2021-04-15,18:22:00,28.625921667,-81.700036667,0.0,213.0,
T,2021-04-15,18:22:01,28.625921667,-81.700036667,0.0,196.9,
T,2021-04-15,18:22:02,28.625921667,-81.700036667,0.0,192.0,
T,2021-04-15,18:22:03,28.625921667,-81.700036667,0.0,184.5,
T,2021-04-15,18:22:04,28.625921667,-81.700036667,0.0,52.2,
T,2021-04-15,18:22:05,28.625921667,-81.700036667,0.0,13.2,
T,2021-04-15,18:22:06,28.625921667,-81.700036667,0.0,4.2,
T,2021-04-15,18:22:07,28.625921667,-81.700036667,0.0,3.6,
T,2021-04-15,18:22:08,28.625921667,-81.700036667,0.0,356.2,
T,2021-04-15,18:22:09,28.625921667,-81.700036667,0.0,329.2,
T,2021-04-15,18:22:10,28.625921667,-81.700036667,0.0,251.8,
T,2021-04-15,18:22:11,28.625921667,-81.700036667,0.0,186.2,
T,2021-04-15,18:22:12,28.625921667,-81.700036667,0.0,198.4,
T,2021-04-15,18:22:13,28.625921667,-81.700036667,0.0,188.8,
T,2021-04-15,18:22:14,28.625921667,-81.700036667,0.0,193.8,
T,2021-04-15,18:22:15,28.625921667,-81.700036667,0.0,192.0,
T,2021-04-15,18:22:16,28.625921667,-81.700036667,0.0,67.9,
T,2021-04-15,18:22:17,28.625921667,-81.700036667,0.0,18.6,
T,2021-04-15,18:22:18,28.625921667,-81.700036667,0.0,13.3,
T,2021-04-15,18:22:19,28.625921667,-81.700036667,0.0,24.5,
T,2021-04-15,18:22:20,28.625921667,-81.700036667,0.0,10.3,
T,2021-04-15,18:22:21,28.625921667,-81.700036667,0.0,273.2,
T,2021-04-15,18:22:22,28.625921667,-81.700036667,0.0,230.9,
T,2021-04-15,18:22:23,28.625921667,-81.700036667,0.0,228.1,
T,2021-04-15,18:22:24,28.625921667,-81.700036667,0.0,251.7,
T,2021-04-15,18:22:25,28.625921667,-81.700036667,0.0,252.7,
T,2021-04-15,18:22:26,28.625921667,-81.700036667,0.0,240.2,
T,2021-04-15,18:22:27,28.625921667,-81.700036667,0.0,332.4,
T,2021-04-15,18:22:28,28.625921667,-81.700036667,0.0,6.7,
T,2021-04-15,18:22:29,28.625921667,-81.700036667,0.0,36.8,
T,2021-04-15,18:22:30,28.625921667,-81.700036667,0.0,55.8,
T,2021-04-15,18:22:31,28.625921667,-81.700036667,0.0,33.5,
T,2021-04-15,18:22:32,28.625921667,-81.700036667,0.0,37.6,
T,2021-04-15,18:22:33,28.625921667,-81.700036667,0.0,183.3,
T,2021-04-15,18:22:34,28.625921667,-81.700036667,0.0,204.0,
T,2021-04-15,18:22:35,28.625921667,-81.700036667,0.0,252.8,
T,2021-04-15,18:22:36,28.625921667,-81.700036667,0.0,242.6,
T,2021-04-15,18:22:37,28.625921667,-81.700036667,0.0,244.7,
T,2021-04-15,18:22:38,28.625921667,-81.700036667,0.0,250.5,
T,2021-04-15,18:22:39,28.625921667,-81.700036667,0.0,286.7,
T,2021-04-15,18:22:40,28.625921667,-81.700036667,0.0,17.3,
T,2021-04-15,18:22:41,28.625921667,-81.700036667,0.0,45.5,
T,2021-04-15,18:22:42,28.625921667,-81.700036667,0.0,41.9,
T,2021-04-15,18:22:43,28.625921667,-81.700036667,0.0,36.1,
T,2021-04-15,18:22:44,28.625921667,-81.700036667,0.0,40.4,
T,2021-04-15,18:22:45,28.625921667,-81.700036667,0.0,52.5,
T,2021-04-15,18:22:46,28.625921667,-81.700036667,0.0,201.8,
T,2021-04-15,18:22:47,28.625921667,-81.700036667,0.0,239.3,
T,2021-04-15,18:22:48,28.625921667,-81.700036667,0.0,249.5,
T,2021-04-15,18:22:49,28.625921667,-81.700036667,0.0,235.6,
T,2021-04-15,18:22:50,28.625921667,-81.700036667,0.0,226.8,
T,2021-04-15,18:22:51,28.625921667,-81.700036667,0.0,282.0,
T,2021-04-15,18:22:52,28.625921667,-81.700036667,0.0,51.8,
T,2021-04-15,18:22:53,28.625921667,-81.700036667,0.0,118.4,
T,2021-04-15,18:22:54,28.625921667,-81.700036667,0.0,115.5,
T,2021-04-15,18:22:55,28.625921667,-81.700036667,0.0,119.2,
T,2021-04-15,18:22:56,28.625921667,-81.700036667,0.0,114.4,
T,2021-04-15,18:22:57,28.625921667,-81.700036667,0.0,174.6,
T,2021-04-15,18:22:58,28.625921667,-81.700036667,0.0,236.1,
T,2021-04-15,18:22:59,28.625921667,-81.700036667,0.0,274.6,
T,2021-04-15,18:23:00,28.625921667,-81.700036667,0.0,290.7,
T,2021-04-15,18:23:01,28.625921667,-81.700036667,0.0,287.2,
T,2021-04-15,18:23:02,28.625921667,-81.700036667,0.0,276.6,
T,2021-04-15,18:23:03,28.625921667,-81.700036667,0.0,310.3,
T,2021-04-15,18:23:04,28.625921667,-81.700036667,0.0,59.6,
T,2021-04-15,18:23:05,28.625921667,-81.700036667,0.0,134.7,
T,2021-04-15,18:23:06,28.625921667,-81.700036667,0.0,70.7,
T,2021-04-15,18:23:07,28.625921667,-81.700036667,0.0,72.1,
T,2021-04-15,18:23:08,28.625921667,-81.700036667,0.0,66.2,
T,2021-04-15,18:23:09,28.625921667,-81.700036667,0.0,165.6,
T,2021-04-15,18:23:10,28.625921667,-81.700036667,0.0,255.3,
T,2021-04-15,18:23:11,28.625921667,-81.700036667,0.0,295.1,
T,2021-04-15,18:23:12,28.625921667,-81.700036667,0.0,287.8,
T,2021-04-15,18:23:13,28.625921667,-81.700036667,0.0,321.1,
T,2021-04-15,18:23:14,28.625921667,-81.700036667,0.0,308.8,
T,2021-04-15,18:23:15,28.625921667,-81.700036667,0.0,343.6,
T,2021-04-15,18:23:16,28.625921667,-81.700036667,0.0,65.4,
T,2021-04-15,18:23:17,28.625921667,-81.700036667,0.0,118.5,
T,2021-04-15,18:23:18,28.625921667,-81.700036667,0.0,122.0,
T,2021-04-15,18:23:19,28.625921667,-81.700036667,0.0,120.3,
T,2021-04-15,18:23:20,28.625921667,-81.700036667,0.0,118.8,
T,2021-04-15,18:23:21,28.625921667,-81.700036667,0.0,157.0,
T,2021-04-15,18:23:22,28.625921667,-81.700036667,0.0,228.9,
T,2021-04-15,18:23:23,28.625921667,-81.700036667,0.0,295.7,
T,2021-04-15,18:23:24,28.625921667,-81.700036667,0.0,307.3,
T,2021-04-15,18:23:25,28.625921667,-81.700036667,0.0,299.4,
T,2021-04-15,18:23:26,28.625921667,-81.700036667,0.0,308.3,
T,2021-04-15,18:23:27,28.625921667,-81.700036667,0.0,339.8,
T,2021-04-15,18:23:28,28.625921667,-81.700036667,0.0,75.8,
T,2021-04-15,18:23:29,28.625921667,-81.700036667,0.0,84.7,
T,2021-04-15,18:23:30,28.625921667,-81.700036667,0.0,42.4,
T,2021-04-15,18:23:31,28.625921667,-81.700036667,0.0,82.6,
T,2021-04-15,18:23:32,28.625921667,-81.700036667,0.0,45.3,
T,2021-04-15,18:23:33,28.625921667,-81.700036667,0.0,96.6,
T,2021-04-15,18:23:34,28.625921667,-81.700036667,0.0,297.8,
T,2021-04-15,18:23:35,28.625921667,-81.700036667,0.0,295.8,
T,2021-04-15,18:23:36,28.625921667,-81.700036667,0.0,342.3,
T,2021-04-15,18:23:37,28.625921667,-81.700036667,0.0,251.7,
T,2021-04-15,18:23:38,28.625921667,-81.700036667,0.0,249.8,
T,2021-04-15,18:23:39,28.625921667,-81.700036667,0.0,317.3,
T,2021-04-15,18:23:40,28.625921667,-81.700036667,0.0,144.1,
T,2021-04-15,18:23:41,28.625921667,-81.700036667,0.0,0.0,
T,2021-04-15,18:23:42,28.625921667,-81.700036667,0.0,71.0,
T,2021-04-15,18:23:43,28.625921667,-81.700036667,0.0,23.9,
T,2021-04-15,18:23:44,28.625921667,-81.700036667,0.0,112.7,
T,2021-04-15,18:23:45,28.625921667,-81.700036667,0.0,150.8,
T,2021-04-15,18:23:46,28.625921667,-81.700036667,0.0,302.9,
T,2021-04-15,18:23:47,28.625921667,-81.700036667,0.2,60.7,
T,2021-04-15,18:23:48,28.625921667,-81.700036667,0.2,61.9,
T,2021-04-15,18:23:49,28.625921667,-81.700036667,0.0,18.7,
T,2021-04-15,18:23:50,28.625921667,-81.700036667,0.1,149.3,
T,2021-04-15,18:23:51,28.625921667,-81.700036667,0.0,217.8,
T,2021-04-15,18:23:52,28.625921667,-81.700036667,0.0,185.5,
T,2021-04-15,18:23:53,28.625921667,-81.700036667,0.0,250.4,
T,2021-04-15,18:23:54,28.625921667,-81.700036667,0.0,260.9,
T,2021-04-15,18:23:55,28.625921667,-81.700036667,0.2,90.5,
T,2021-04-15,18:23:56,28.625921667,-81.700036667,0.3,346.4,
T,2021-04-15,18:23:57,28.625923333,-81.700036667,0.3,153.5,
T,2021-04-15,18:23:58,28.625923333,-81.700035000,0.2,148.1,
T,2021-04-15,18:23:59,28.625921667,-81.700035000,0.1,123.8,
T,2021-04-15,18:24:00,28.625921667,-81.700035000,0.1,188.7,
T,2021-04-15,18:24:01,28.625921667,-81.700035000,0.0,204.3,
T,2021-04-15,18:24:02,28.625921667,-81.700035000,0.1,122.1,
T,2021-04-15,18:24:03,28.625920000,-81.700035000,0.1,122.6,
T,2021-04-15,18:24:04,28.625920000,-81.700033333,0.1,121.3,
T,2021-04-15,18:24:05,28.625920000,-81.700033333,0.2,140.4,
T,2021-04-15,18:24:06,28.625920000,-81.700033333,0.4,146.6,
T,2021-04-15,18:24:07,28.625918333,-81.700031667,0.6,293.1,
T,2021-04-15,18:24:08,28.625920000,-81.700035000,1.9,321.3,
T,2021-04-15,18:24:09,28.625923333,-81.700040000,2.2,296.9,
T,2021-04-15,18:24:10,28.625928333,-81.700048333,2.5,277.0,
T,2021-04-15,18:24:11,28.625928333,-81.700060000,3.1,254.4,
T,2021-04-15,18:24:12,28.625921667,-81.700070000,3.3,219.3,
T,2021-04-15,18:24:13,28.625911667,-81.700075000,2.8,198.6,
T,2021-04-15,18:24:14,28.625903333,-81.700078333,2.8,194.7,
T,2021-04-15,18:24:15,28.625893333,-81.700081667,2.8,191.4,
T,2021-04-15,18:24:16,28.625885000,-81.700085000,2.4,199.5,
T,2021-04-15,18:24:17,28.625875000,-81.700086667,3.1,194.9,
T,2021-04-15,18:24:18,28.625865000,-81.700090000,3.0,185.0,
T,2021-04-15,18:24:19,28.625855000,-81.700091667,2.5,184.9,
T,2021-04-15,18:24:20,28.625845000,-81.700093333,2.3,178.7,
T,2021-04-15,18:24:21,28.625835000,-81.700093333,2.9,182.8,
T,2021-04-15,18:24:22,28.625826667,-81.700095000,2.2,196.2,
T,2021-04-15,18:24:23,28.625816667,-81.700098333,2.9,193.6,
T,2021-04-15,18:24:24,28.625806667,-81.700101667,3.0,183.8,
T,2021-04-15,18:24:25,28.625795000,-81.700103333,3.3,185.3,
T,2021-04-15,18:24:26,28.625785000,-81.700103333,2.3,185.5,
T,2021-04-15,18:24:27,28.625775000,-81.700105000,2.4,171.8,
T,2021-04-15,18:24:28,28.625766667,-81.700103333,2.0,162.5,
T,2021-04-15,18:24:29,28.625760000,-81.700101667,1.7,172.6,
T,2021-04-15,18:24:30,28.625755000,-81.700103333,0.9,168.9,
T,2021-04-15,18:24:31,28.625755000,-81.700106667,0.4,280.6,
T,2021-04-15,18:24:32,28.625753333,-81.700110000,0.0,137.3,
T,2021-04-15,18:24:33,28.625753333,-81.700113333,0.2,11.3,
T,2021-04-15,18:24:34,28.625753333,-81.700115000,0.4,297.6,
T,2021-04-15,18:24:35,28.625753333,-81.700116667,0.1,59.6,
T,2021-04-15,18:24:36,28.625753333,-81.700115000,0.2,176.7,
T,2021-04-15,18:24:37,28.625753333,-81.700115000,0.3,103.3,
T,2021-04-15,18:24:38,28.625753333,-81.700115000,0.0,88.9,
T,2021-04-15,18:24:39,28.625753333,-81.700115000,0.1,143.3,
T,2021-04-15,18:24:40,28.625753333,-81.700115000,0.0,49.2,
T,2021-04-15,18:24:41,28.625753333,-81.700115000,0.0,38.4,
T,2021-04-15,18:24:42,28.625753333,-81.700113333,0.0,347.5,
T,2021-04-15,18:24:43,28.625753333,-81.700115000,0.4,303.8,
T,2021-04-15,18:24:44,28.625753333,-81.700116667,0.3,303.0,
T,2021-04-15,18:24:45,28.625755000,-81.700116667,0.2,270.3,
T,2021-04-15,18:24:46,28.625755000,-81.700118333,0.4,340.6,
T,2021-04-15,18:24:47,28.625756667,-81.700118333,0.0,101.4,
T,2021-04-15,18:24:48,28.625756667,-81.700118333,0.4,172.5,
T,2021-04-15,18:24:49,28.625755000,-81.700118333,0.3,159.8,
T,2021-04-15,18:24:50,28.625753333,-81.700118333,0.0,88.8,
T,2021-04-15,18:24:51,28.625753333,-81.700118333,0.3,133.1,
T,2021-04-15,18:24:52,28.625753333,-81.700116667,0.2,115.1,
T,2021-04-15,18:24:53,28.625751667,-81.700116667,0.2,70.3,
T,2021-04-15,18:24:54,28.625753333,-81.700115000,0.7,300.8,
T,2021-04-15,18:24:55,28.625753333,-81.700115000,0.1,103.0,
T,2021-04-15,18:24:56,28.625753333,-81.700115000,0.2,342.9,
T,2021-04-15,18:24:57,28.625753333,-81.700115000,0.1,319.6,
T,2021-04-15,18:24:58,28.625753333,-81.700115000,0.0,216.0,
T,2021-04-15,18:24:59,28.625753333,-81.700115000,0.1,163.6,
T,2021-04-15,18:25:00,28.625753333,-81.700115000,0.2,269.9,
T,2021-04-15,18:25:01,28.625753333,-81.700116667,0.2,244.2,
T,2021-04-15,18:25:02,28.625751667,-81.700116667,0.5,204.8,
T,2021-04-15,18:25:03,28.625750000,-81.700118333,0.5,185.8,
T,2021-04-15,18:25:04,28.625748333,-81.700118333,0.4,196.4,
T,2021-04-15,18:25:05,28.625746667,-81.700118333,0.2,195.5,
T,2021-04-15,18:25:06,28.625746667,-81.700120000,0.2,192.5,
T,2021-04-15,18:25:07,28.625745000,-81.700120000,0.1,253.0,
T,2021-04-15,18:25:08,28.625745000,-81.700120000,0.1,318.5,
T,2021-04-15,18:25:09,28.625745000,-81.700120000,0.0,306.9,
T,2021-04-15,18:25:10,28.625745000,-81.700120000,0.0,248.0,
T,2021-04-15,18:25:11,28.625745000,-81.700120000,0.0,247.7,
T,2021-04-15,18:25:12,28.625745000,-81.700120000,0.0,233.6,
T,2021-04-15,18:25:13,28.625745000,-81.700120000,0.0,227.7,
T,2021-04-15,18:25:14,28.625745000,-81.700121667,0.0,216.8,
T,2021-04-15,18:25:15,28.625745000,-81.700121667,0.0,225.3,
T,2021-04-15,18:25:16,28.625745000,-81.700121667,0.0,199.4,
T,2021-04-15,18:25:17,28.625745000,-81.700121667,0.0,31.1,
T,2021-04-15,18:25:18,28.625745000,-81.700121667,0.0,83.5,
T,2021-04-15,18:25:19,28.625745000,-81.700121667,0.1,39.7,
T,2021-04-15,18:25:20,28.625745000,-81.700120000,0.0,48.6,
T,2021-04-15,18:25:21,28.625745000,-81.700120000,0.0,97.8,
T,2021-04-15,18:25:22,28.625745000,-81.700120000,0.0,303.5,
T,2021-04-15,18:25:23,28.625745000,-81.700120000,0.0,294.1,
T,2021-04-15,18:25:24,28.625745000,-81.700120000,0.0,204.6,
T,2021-04-15,18:25:25,28.625745000,-81.700120000,0.0,206.5,
T,2021-04-15,18:25:26,28.625745000,-81.700120000,0.0,231.7,
T,2021-04-15,18:25:27,28.625745000,-81.700121667,0.0,83.3,
T,2021-04-15,18:25:28,28.625745000,-81.700121667,0.0,150.3,
T,2021-04-15,18:25:29,28.625745000,-81.700121667,0.0,276.5,
T,2021-04-15,18:25:30,28.625745000,-81.700121667,0.0,288.8,
T,2021-04-15,18:25:31,28.625745000,-81.700121667,0.0,1.3,
T,2021-04-15,18:25:32,28.625745000,-81.700121667,0.0,312.6,
T,2021-04-15,18:25:33,28.625745000,-81.700121667,0.0,36.4,
T,2021-04-15,18:25:34,28.625745000,-81.700121667,0.0,359.2,
T,2021-04-15,18:25:35,28.625745000,-81.700121667,0.0,165.3,
T,2021-04-15,18:25:36,28.625745000,-81.700121667,0.1,327.7,
T,2021-04-15,18:25:37,28.625745000,-81.700121667,0.2,292.8,
T,2021-04-15,18:25:38,28.625745000,-81.700121667,0.3,283.5,
T,2021-04-15,18:25:39,28.625745000,-81.700121667,0.1,247.3,
T,2021-04-15,18:25:40,28.625745000,-81.700121667,0.0,99.5,
T,2021-04-15,18:25:41,28.625745000,-81.700121667,0.0,21.6,
T,2021-04-15,18:25:42,28.625745000,-81.700121667,0.4,80.1,
T,2021-04-15,18:25:43,28.625745000,-81.700121667,0.1,116.4,
T,2021-04-15,18:25:44,28.625745000,-81.700121667,0.0,127.2,
T,2021-04-15,18:25:45,28.625745000,-81.700121667,0.0,327.3,
T,2021-04-15,18:25:46,28.625745000,-81.700121667,0.0,130.7,
T,2021-04-15,18:25:47,28.625745000,-81.700121667,0.0,115.8,
T,2021-04-15,18:25:48,28.625745000,-81.700121667,0.0,70.3,
T,2021-04-15,18:25:49,28.625745000,-81.700121667,0.1,327.6,
T,2021-04-15,18:25:50,28.625745000,-81.700121667,0.3,297.7,
T,2021-04-15,18:25:51,28.625745000,-81.700121667,0.0,89.5,
T,2021-04-15,18:25:52,28.625745000,-81.700121667,0.2,109.6,
T,2021-04-15,18:25:53,28.625745000,-81.700121667,0.0,91.6,
T,2021-04-15,18:25:54,28.625745000,-81.700121667,0.0,41.2,
T,2021-04-15,18:25:55,28.625745000,-81.700121667,0.0,17.6,
T,2021-04-15,18:25:56,28.625746667,-81.700121667,0.0,332.8,
T,2021-04-15,18:25:57,28.625746667,-81.700121667,0.0,20.9,
T,2021-04-15,18:25:58,28.625746667,-81.700121667,0.0,1.9,
T,2021-04-15,18:25:59,28.625746667,-81.700121667,0.0,12.4,
T,2021-04-15,18:26:00,28.625746667,-81.700121667,0.0,28.9,
T,2021-04-15,18:26:01,28.625746667,-81.700121667,0.1,317.5,
T,2021-04-15,18:26:02,28.625746667,-81.700121667,0.1,316.2,
T,2021-04-15,18:26:03,28.625746667,-81.700121667,0.1,176.4,
T,2021-04-15,18:26:04,28.625745000,-81.700121667,0.1,187.3,
T,2021-04-15,18:26:05,28.625745000,-81.700121667,0.6,68.5,
T,2021-04-15,18:26:06,28.625745000,-81.700121667,0.3,128.9,
T,2021-04-15,18:26:07,28.625745000,-81.700120000,0.5,110.8,
T,2021-04-15,18:26:08,28.625743333,-81.700118333,0.6,120.4,
T,2021-04-15,18:26:09,28.625741667,-81.700116667,0.3,117.7,
T,2021-04-15,18:26:10,28.625741667,-81.700115000,0.2,114.7,
T,2021-04-15,18:26:11,28.625741667,-81.700115000,0.1,107.4,
T,2021-04-15,18:26:12,28.625741667,-81.700113333,0.1,98.6,
T,2021-04-15,18:26:13,28.625741667,-81.700113333,0.2,7.8,
T,2021-04-15,18:26:14,28.625743333,-81.700113333,0.2,9.7,
T,2021-04-15,18:26:15,28.625743333,-81.700113333,0.1,55.9,
T,2021-04-15,18:26:16,28.625743333,-81.700111667,0.2,70.6,
T,2021-04-15,18:26:17,28.625743333,-81.700111667,0.6,142.0,
T,2021-04-15,18:26:18,28.625741667,-81.700110000,0.7,103.4,
T,2021-04-15,18:26:19,28.625743333,-81.700108333,0.7,48.5,
T,2021-04-15,18:26:20,28.625745000,-81.700106667,0.3,50.0,
T,2021-04-15,18:26:21,28.625748333,-81.700105000,1.4,22.5,
T,2021-04-15,18:26:22,28.625750000,-81.700106667,0.7,349.4,
T,2021-04-15,18:26:23,28.625751667,-81.700108333,0.3,6.0,
T,2021-04-15,18:26:24,28.625753333,-81.700110000,0.8,316.4,
T,2021-04-15,18:26:25,28.625755000,-81.700111667,0.1,348.5,
T,2021-04-15,18:26:26,28.625755000,-81.700113333,0.0,246.5,
T,2021-04-15,18:26:27,28.625755000,-81.700113333,0.0,287.4,
T,2021-04-15,18:26:28,28.625755000,-81.700113333,0.1,14.8,
T,2021-04-15,18:26:29,28.625755000,-81.700113333,0.0,60.9,
T,2021-04-15,18:26:30,28.625755000,-81.700113333,0.0,62.5,
T,2021-04-15,18:26:31,28.625755000,-81.700113333,0.2,105.1,
T,2021-04-15,18:26:32,28.625755000,-81.700111667,0.0,358.2,
T,2021-04-15,18:26:33,28.625755000,-81.700111667,0.0,234.1,
T,2021-04-15,18:26:34,28.625755000,-81.700111667,0.1,100.4,
T,2021-04-15,18:26:35,28.625755000,-81.700111667,0.2,113.6,
T,2021-04-15,18:26:36,28.625755000,-81.700111667,0.2,127.2,
T,2021-04-15,18:26:37,28.625755000,-81.700110000,0.3,127.5,
T,2021-04-15,18:26:38,28.625755000,-81.700110000,0.1,168.1,
T,2021-04-15,18:26:39,28.625753333,-81.700110000,0.2,167.7,
T,2021-04-15,18:26:40,28.625753333,-81.700110000,0.0,268.0,
T,2021-04-15,18:26:41,28.625753333,-81.700110000,0.0,115.7,
T,2021-04-15,18:26:42,28.625753333,-81.700110000,0.0,56.1,
T,2021-04-15,18:26:43,28.625753333,-81.700110000,0.0,154.3,
T,2021-04-15,18:26:44,28.625753333,-81.700110000,0.1,249.3,
T,2021-04-15,18:26:45,28.625753333,-81.700110000,0.1,194.3,
T,2021-04-15,18:26:46,28.625753333,-81.700110000,0.0,167.8,
T,2021-04-15,18:26:47,28.625753333,-81.700110000,0.0,180.6,
T,2021-04-15,18:26:48,28.625753333,-81.700110000,0.1,192.7,
T,2021-04-15,18:26:49,28.625753333,-81.700110000,0.0,92.5,
T,2021-04-15,18:26:50,28.625753333,-81.700110000,0.0,191.2,
T,2021-04-15,18:26:51,28.625753333,-81.700110000,0.0,95.7,
T,2021-04-15,18:26:52,28.625753333,-81.700110000,0.0,93.8,
T,2021-04-15,18:26:53,28.625753333,-81.700110000,0.1,176.3,
T,2021-04-15,18:26:54,28.625753333,-81.700110000,0.0,232.0,
T,2021-04-15,18:26:55,28.625753333,-81.700110000,0.1,256.9,
T,2021-04-15,18:26:56,28.625753333,-81.700110000,0.0,175.0,
T,2021-04-15,18:26:57,28.625753333,-81.700110000,0.0,139.2,
T,2021-04-15,18:26:58,28.625753333,-81.700110000,0.1,146.3,
T,2021-04-15,18:26:59,28.625753333,-81.700110000,0.0,298.1,
T,2021-04-15,18:27:00,28.625753333,-81.700110000,0.0,235.1,
T,2021-04-15,18:27:01,28.625753333,-81.700110000,0.0,126.6,
T,2021-04-15,18:27:02,28.625753333,-81.700110000,0.0,121.7,
T,2021-04-15,18:27:03,28.625753333,-81.700110000,0.0,83.5,
T,2021-04-15,18:27:04,28.625753333,-81.700110000,0.0,113.7,
T,2021-04-15,18:27:05,28.625753333,-81.700110000,0.1,219.1,
T,2021-04-15,18:27:06,28.625753333,-81.700110000,0.1,197.7,
T,2021-04-15,18:27:07,28.625753333,-81.700110000,0.0,250.5,
T,2021-04-15,18:27:08,28.625753333,-81.700110000,0.0,184.0,
T,2021-04-15,18:27:09,28.625753333,-81.700110000,0.1,200.2,
T,2021-04-15,18:27:10,28.625753333,-81.700110000,0.4,240.4,
T,2021-04-15,18:27:11,28.625753333,-81.700111667,0.1,238.0,
T,2021-04-15,18:27:12,28.625753333,-81.700111667,0.2,80.2,
T,2021-04-15,18:27:13,28.625751667,-81.700111667,0.1,77.3,
T,2021-04-15,18:27:14,28.625751667,-81.700111667,0.0,145.8,
T,2021-04-15,18:27:15,28.625751667,-81.700111667,0.0,133.7,
T,2021-04-15,18:27:16,28.625751667,-81.700111667,0.1,83.0,
T,2021-04-15,18:27:17,28.625751667,-81.700111667,0.1,261.4,
T,2021-04-15,18:27:18,28.625751667,-81.700111667,0.1,78.3,
T,2021-04-15,18:27:19,28.625751667,-81.700111667,0.0,337.8,
T,2021-04-15,18:27:20,28.625751667,-81.700111667,0.0,296.8,
T,2021-04-15,18:27:21,28.625751667,-81.700111667,0.2,300.5,
T,2021-04-15,18:27:22,28.625753333,-81.700111667,0.1,333.0,
T,2021-04-15,18:27:23,28.625753333,-81.700111667,0.4,292.9,
T,2021-04-15,18:27:24,28.625753333,-81.700113333,0.8,303.1,
T,2021-04-15,18:27:25,28.625755000,-81.700120000,1.9,289.4,
T,2021-04-15,18:27:26,28.625758333,-81.700128333,2.2,293.3,
T,2021-04-15,18:27:27,28.625761667,-81.700138333,2.4,304.6,
T,2021-04-15,18:27:28,28.625766667,-81.700148333,2.0,306.8,
T,2021-04-15,18:27:29,28.625768333,-81.700158333,1.6,303.8,
T,2021-04-15,18:27:30,28.625770000,-81.700163333,1.2,291.8,
T,2021-04-15,18:27:31,28.625770000,-81.700168333,0.3,241.0,
T,2021-04-15,18:27:32,28.625768333,-81.700170000,0.0,256.4,
T,2021-04-15,18:27:33,28.625768333,-81.700171667,0.4,296.0,
T,2021-04-15,18:27:34,28.625770000,-81.700176667,1.1,289.2,
T,2021-04-15,18:27:35,28.625771667,-81.700183333,1.9,293.8,
T,2021-04-15,18:27:36,28.625775000,-81.700190000,1.2,285.5,
T,2021-04-15,18:27:37,28.625773333,-81.700195000,0.8,261.3,
T,2021-04-15,18:27:38,28.625776667,-81.700200000,1.3,295.3,
T,2021-04-15,18:27:39,28.625778333,-81.700205000,1.3,292.9,
T,2021-04-15,18:27:40,28.625785000,-81.700215000,2.1,300.8,
T,2021-04-15,18:27:41,28.625788333,-81.700225000,2.0,286.9,
T,2021-04-15,18:27:42,28.625790000,-81.700233333,1.9,281.9,
T,2021-04-15,18:27:43,28.625790000,-81.700241667,1.7,265.3,
T,2021-04-15,18:27:44,28.625788333,-81.700250000,1.9,238.0,
T,2021-04-15,18:27:45,28.625785000,-81.700258333,1.7,248.9,
T,2021-04-15,18:27:46,28.625783333,-81.700265000,1.3,231.2,
T,2021-04-15,18:27:47,28.625780000,-81.700268333,0.9,194.8,
T,2021-04-15,18:27:48,28.625778333,-81.700270000,0.7,194.1,
T,2021-04-15,18:27:49,28.625776667,-81.700271667,0.6,212.5,
T,2021-04-15,18:27:50,28.625776667,-81.700271667,0.3,220.4,
T,2021-04-15,18:27:51,28.625776667,-81.700271667,0.1,215.4,
T,2021-04-15,18:27:52,28.625776667,-81.700271667,0.1,202.6,
T,2021-04-15,18:27:53,28.625775000,-81.700273333,0.1,202.1,
T,2021-04-15,18:27:54,28.625775000,-81.700273333,0.0,104.3,
T,2021-04-15,18:27:55,28.625775000,-81.700273333,0.1,304.4,
T,2021-04-15,18:27:56,28.625775000,-81.700273333,0.0,348.4,
T,2021-04-15,18:27:57,28.625775000,-81.700273333,0.0,338.2,
T,2021-04-15,18:27:58,28.625775000,-81.700273333,0.7,272.9,
T,2021-04-15,18:27:59,28.625775000,-81.700276667,1.1,278.6,
T,2021-04-15,18:28:00,28.625776667,-81.700278333,1.3,267.6,
T,2021-04-15,18:28:01,28.625773333,-81.700283333,1.4,262.0,
T,2021-04-15,18:28:02,28.625771667,-81.700288333,1.3,257.3,
T,2021-04-15,18:28:03,28.625771667,-81.700295000,1.4,256.4,
T,2021-04-15,18:28:04,28.625771667,-81.700300000,1.4,236.2,
T,2021-04-15,18:28:05,28.625770000,-81.700305000,1.3,262.7,
T,2021-04-15,18:28:06,28.625770000,-81.700311667,1.6,246.8,
T,2021-04-15,18:28:07,28.625768333,-81.700318333,1.6,243.6,
T,2021-04-15,18:28:08,28.625766667,-81.700325000,1.5,236.0,
T,2021-04-15,18:28:09,28.625765000,-81.700330000,1.1,220.1,
T,2021-04-15,18:28:10,28.625763333,-81.700331667,0.3,145.4,
T,2021-04-15,18:28:11,28.625763333,-81.700331667,0.3,252.4,
T,2021-04-15,18:28:12,28.625763333,-81.700333333,0.2,123.5,
T,2021-04-15,18:28:13,28.625761667,-81.700335000,0.7,240.7,
T,2021-04-15,18:28:14,28.625758333,-81.700338333,1.4,212.1,
T,2021-04-15,18:28:15,28.625753333,-81.700341667,1.8,209.1,
T,2021-04-15,18:28:16,28.625746667,-81.700346667,1.9,206.3,
T,2021-04-15,18:28:17,28.625740000,-81.700348333,1.9,193.2,
T,2021-04-15,18:28:18,28.625733333,-81.700351667,2.2,194.1,
T,2021-04-15,18:28:19,28.625725000,-81.700353333,2.2,192.1,
T,2021-04-15,18:28:20,28.625718333,-81.700353333,1.3,155.4,
T,2021-04-15,18:28:21,28.625718333,-81.700351667,1.3,27.1,
T,2021-04-15,18:28:22,28.625723333,-81.700351667,1.5,14.0,
T,2021-04-15,18:28:23,28.625728333,-81.700350000,1.3,28.9,
T,2021-04-15,18:28:24,28.625733333,-81.700346667,1.4,42.8,
T,2021-04-15,18:28:25,28.625736667,-81.700345000,1.1,25.1,
T,2021-04-15,18:28:26,28.625738333,-81.700345000,0.2,32.2,
T,2021-04-15,18:28:27,28.625736667,-81.700345000,0.4,114.1,
T,2021-04-15,18:28:28,28.625740000,-81.700343333,0.3,162.8,
T,2021-04-15,18:28:29,28.625736667,-81.700345000,1.0,171.4,
T,2021-04-15,18:28:30,28.625731667,-81.700345000,1.6,181.8,
T,2021-04-15,18:28:31,28.625726667,-81.700345000,1.5,194.2,
T,2021-04-15,18:28:32,28.625721667,-81.700346667,1.8,198.4,
T,2021-04-15,18:28:33,28.625716667,-81.700351667,1.8,216.2,
T,2021-04-15,18:28:34,28.625711667,-81.700355000,1.6,196.2,
T,2021-04-15,18:28:35,28.625705000,-81.700356667,1.9,192.0,
T,2021-04-15,18:28:36,28.625698333,-81.700360000,1.5,186.0,
T,2021-04-15,18:28:37,28.625693333,-81.700361667,1.1,199.3,
T,2021-04-15,18:28:38,28.625691667,-81.700361667,0.6,191.7,
T,2021-04-15,18:28:39,28.625691667,-81.700363333,0.4,185.9,
T,2021-04-15,18:28:40,28.625691667,-81.700365000,0.1,132.2,
T,2021-04-15,18:28:41,28.625691667,-81.700365000,0.4,110.5,
T,2021-04-15,18:28:42,28.625690000,-81.700363333,0.2,144.8,
T,2021-04-15,18:28:43,28.625690000,-81.700363333,0.9,236.1,
T,2021-04-15,18:28:44,28.625681667,-81.700363333,1.6,193.2,
T,2021-04-15,18:28:45,28.625676667,-81.700366667,1.7,203.3,
T,2021-04-15,18:28:46,28.625671667,-81.700371667,1.6,229.3,
T,2021-04-15,18:28:47,28.625666667,-81.700375000,1.3,213.8,
T,2021-04-15,18:28:48,28.625663333,-81.700378333,1.3,211.9,
T,2021-04-15,18:28:49,28.625660000,-81.700381667,1.0,233.2,
T,2021-04-15,18:28:50,28.625661667,-81.700388333,1.5,298.9,
T,2021-04-15,18:28:51,28.625663333,-81.700395000,1.4,269.1,
T,2021-04-15,18:28:52,28.625663333,-81.700405000,2.1,279.5,
T,2021-04-15,18:28:53,28.625663333,-81.700418333,2.3,273.7,
T,2021-04-15,18:28:54,28.625663333,-81.700433333,2.4,260.8,
T,2021-04-15,18:28:55,28.625661667,-81.700446667,2.6,263.6,
T,2021-04-15,18:28:56,28.625660000,-81.700458333,2.4,258.8,
T,2021-04-15,18:28:57,28.625658333,-81.700475000,2.5,274.7,
T,2021-04-15,18:28:58,28.625656667,-81.700488333,2.3,250.7,
T,2021-04-15,18:28:59,28.625655000,-81.700498333,2.4,260.2,
T,2021-04-15,18:29:00,28.625651667,-81.700510000,2.3,258.5,
T,2021-04-15,18:29:01,28.625650000,-81.700521667,2.7,254.5,
T,2021-04-15,18:29:02,28.625645000,-81.700531667,2.6,250.0,
T,2021-04-15,18:29:03,28.625643333,-81.700543333,2.6,255.4,
T,2021-04-15,18:29:04,28.625638333,-81.700555000,2.6,247.1,
T,2021-04-15,18:29:05,28.625633333,-81.700566667,2.7,238.8,
T,2021-04-15,18:29:06,28.625628333,-81.700578333,2.6,235.8,
T,2021-04-15,18:29:07,28.625621667,-81.700586667,2.8,224.0,
T,2021-04-15,18:29:08,28.625613333,-81.700596667,2.8,228.0,
T,2021-04-15,18:29:09,28.625605000,-81.700605000,2.5,219.9,
T,2021-04-15,18:29:10,28.625596667,-81.700611667,2.4,212.8,
T,2021-04-15,18:29:11,28.625588333,-81.700618333,2.0,212.6,
T,2021-04-15,18:29:12,28.625581667,-81.700623333,2.1,207.2,
T,2021-04-15,18:29:13,28.625571667,-81.700628333,2.3,196.9,
T,2021-04-15,18:29:14,28.625563333,-81.700633333,2.3,207.6,
T,2021-04-15,18:29:15,28.625555000,-81.700640000,2.3,222.5,
T,2021-04-15,18:29:16,28.625546667,-81.700646667,2.4,207.1,
T,2021-04-15,18:29:17,28.625538333,-81.700651667,2.3,214.5,
T,2021-04-15,18:29:18,28.625530000,-81.700655000,2.3,202.8,
T,2021-04-15,18:29:19,28.625521667,-81.700660000,2.2,208.6,
T,2021-04-15,18:29:20,28.625511667,-81.700663333,2.6,206.2,
T,2021-04-15,18:29:21,28.625501667,-81.700668333,2.3,204.0,
T,2021-04-15,18:29:22,28.625493333,-81.700671667,2.4,193.1,
T,2021-04-15,18:29:23,28.625485000,-81.700673333,2.1,194.8,
T,2021-04-15,18:29:24,28.625475000,-81.700678333,2.6,208.2,
T,2021-04-15,18:29:25,28.625468333,-81.700681667,2.0,213.4,
T,2021-04-15,18:29:26,28.625458333,-81.700685000,2.7,189.0,
T,2021-04-15,18:29:27,28.625446667,-81.700690000,2.6,198.4,
T,2021-04-15,18:29:28,28.625436667,-81.700691667,2.3,187.3,
T,2021-04-15,18:29:29,28.625426667,-81.700693333,2.3,178.1,
T,2021-04-15,18:29:30,28.625416667,-81.700691667,2.7,169.5,
T,2021-04-15,18:29:31,28.625406667,-81.700690000,2.1,175.1,
T,2021-04-15,18:29:32,28.625398333,-81.700688333,2.2,161.4,
T,2021-04-15,18:29:33,28.625390000,-81.700686667,2.3,172.5,
T,2021-04-15,18:29:34,28.625381667,-81.700688333,2.5,186.9,
T,2021-04-15,18:29:35,28.625373333,-81.700688333,1.8,174.7,
T,2021-04-15,18:29:36,28.625368333,-81.700685000,1.7,153.3,
T,2021-04-15,18:29:37,28.625361667,-81.700681667,1.5,152.3,
T,2021-04-15,18:29:38,28.625350000,-81.700678333,2.6,157.7,
T,2021-04-15,18:29:39,28.625341667,-81.700673333,2.4,155.4,
T,2021-04-15,18:29:40,28.625335000,-81.700670000,1.9,155.4,
T,2021-04-15,18:29:41,28.625325000,-81.700668333,2.2,166.6,
T,2021-04-15,18:29:42,28.625313333,-81.700665000,2.5,165.5,
T,2021-04-15,18:29:43,28.625303333,-81.700663333,2.3,168.3,
T,2021-04-15,18:29:44,28.625293333,-81.700660000,2.4,169.6,
T,2021-04-15,18:29:45,28.625283333,-81.700658333,1.9,153.0,
T,2021-04-15,18:29:46,28.625275000,-81.700655000,2.1,166.2,
T,2021-04-15,18:29:47,28.625266667,-81.700651667,2.1,165.9,
T,2021-04-15,18:29:48,28.625256667,-81.700651667,2.4,168.7,
T,2021-04-15,18:29:49,28.625245000,-81.700648333,2.4,164.6,
T,2021-04-15,18:29:50,28.625236667,-81.700646667,2.2,167.0,
T,2021-04-15,18:29:51,28.625226667,-81.700645000,2.3,164.1,
T,2021-04-15,18:29:52,28.625216667,-81.700640000,2.5,159.2,
T,2021-04-15,18:29:53,28.625205000,-81.700636667,2.5,157.1,
T,2021-04-15,18:29:54,28.625193333,-81.700631667,2.7,159.5,
T,2021-04-15,18:29:55,28.625183333,-81.700628333,2.6,167.1,
T,2021-04-15,18:29:56,28.625171667,-81.700623333,2.4,155.5,
T,2021-04-15,18:29:57,28.625163333,-81.700616667,2.5,144.5,
T,2021-04-15,18:29:58,28.625153333,-81.700610000,2.5,146.8,
T,2021-04-15,18:29:59,28.625145000,-81.700603333,2.4,149.4,
T,2021-04-15,18:30:00,28.625133333,-81.700598333,2.6,149.1,
T,2021-04-15,18:30:01,28.625123333,-81.700593333,2.8,148.2,
T,2021-04-15,18:30:02,28.625113333,-81.700588333,2.3,153.6,
T,2021-04-15,18:30:03,28.625105000,-81.700585000,2.4,148.5,
T,2021-04-15,18:30:04,28.625095000,-81.700580000,2.6,156.9,
T,2021-04-15,18:30:05,28.625086667,-81.700575000,2.5,151.4,
T,2021-04-15,18:30:06,28.625078333,-81.700568333,2.4,142.8,
T,2021-04-15,18:30:07,28.625071667,-81.700561667,2.3,126.4,
T,2021-04-15,18:30:08,28.625066667,-81.700553333,1.9,124.8,
T,2021-04-15,18:30:09,28.625060000,-81.700546667,2.2,142.0,
T,2021-04-15,18:30:10,28.625056667,-81.700541667,1.6,128.4,
T,2021-04-15,18:30:11,28.625046667,-81.700535000,2.3,144.2,
T,2021-04-15,18:30:12,28.625040000,-81.700528333,1.9,132.1,
T,2021-04-15,18:30:13,28.625035000,-81.700521667,1.9,133.7,
T,2021-04-15,18:30:14,28.625028333,-81.700515000,2.0,133.6,
T,2021-04-15,18:30:15,28.625021667,-81.700508333,2.5,143.2,
T,2021-04-15,18:30:16,28.625015000,-81.700500000,1.8,141.4,
T,2021-04-15,18:30:17,28.625008333,-81.700495000,1.7,117.6,
T,2021-04-15,18:30:18,28.625005000,-81.700488333,1.4,127.5,
T,2021-04-15,18:30:19,28.624998333,-81.700485000,1.6,147.2,
T,2021-04-15,18:30:20,28.624990000,-81.700476667,2.0,143.5,
T,2021-04-15,18:30:21,28.624980000,-81.700470000,2.2,144.8,
T,2021-04-15,18:30:22,28.624973333,-81.700466667,2.0,152.0,
T,2021-04-15,18:30:23,28.624965000,-81.700463333,2.1,159.9,
T,2021-04-15,18:30:24,28.624958333,-81.700456667,2.3,143.3,
T,2021-04-15,18:30:25,28.624951667,-81.700448333,2.3,120.9,
T,2021-04-15,18:30:26,28.624946667,-81.700440000,2.1,147.9,
T,2021-04-15,18:30:27,28.624941667,-81.700435000,1.9,117.6,
T,2021-04-15,18:30:28,28.624938333,-81.700426667,2.3,128.9,
T,2021-04-15,18:30:29,28.624931667,-81.700418333,2.6,131.2,
T,2021-04-15,18:30:30,28.624925000,-81.700410000,2.2,119.1,
T,2021-04-15,18:30:31,28.624921667,-81.700400000,1.8,115.7,
T,2021-04-15,18:30:32,28.624918333,-81.700393333,2.0,111.0,
T,2021-04-15,18:30:33,28.624915000,-81.700385000,2.0,107.1,
T,2021-04-15,18:30:34,28.624911667,-81.700375000,2.2,109.2,
T,2021-04-15,18:30:35,28.624908333,-81.700368333,1.6,98.8,
T,2021-04-15,18:30:36,28.624906667,-81.700360000,2.0,104.1,
T,2021-04-15,18:30:37,28.624905000,-81.700351667,1.9,96.3,
T,2021-04-15,18:30:38,28.624905000,-81.700345000,1.9,89.8,
T,2021-04-15,18:30:39,28.624905000,-81.700335000,2.0,81.3,
T,2021-04-15,18:30:40,28.624905000,-81.700326667,2.1,76.2,
T,2021-04-15,18:30:41,28.624906667,-81.700320000,1.7,71.0,
T,2021-04-15,18:30:42,28.624908333,-81.700311667,2.0,74.3,
T,2021-04-15,18:30:43,28.624910000,-81.700301667,2.0,72.8,
T,2021-04-15,18:30:44,28.624913333,-81.700293333,2.0,65.6,
T,2021-04-15,18:30:45,28.624916667,-81.700285000,2.1,54.1,
T,2021-04-15,18:30:46,28.624921667,-81.700275000,2.4,49.1,
T,2021-04-15,18:30:47,28.624925000,-81.700266667,2.0,63.2,
T,2021-04-15,18:30:48,28.624930000,-81.700260000,2.1,28.0,
T,2021-04-15,18:30:49,28.624936667,-81.700255000,2.0,40.6,
T,2021-04-15,18:30:50,28.624941667,-81.700250000,2.0,29.7,
T,2021-04-15,18:30:51,28.624946667,-81.700243333,1.8,38.4,
T,2021-04-15,18:30:52,28.624951667,-81.700238333,1.9,39.2,
T,2021-04-15,18:30:53,28.624958333,-81.700233333,1.7,44.5,
T,2021-04-15,18:30:54,28.624961667,-81.700228333,1.7,45.0,
T,2021-04-15,18:30:55,28.624966667,-81.700221667,1.5,44.5,
T,2021-04-15,18:30:56,28.624971667,-81.700216667,1.6,43.6,
T,2021-04-15,18:30:57,28.624976667,-81.700211667,1.5,42.8,
T,2021-04-15,18:30:58,28.624980000,-81.700205000,1.5,55.4,
T,2021-04-15,18:30:59,28.624986667,-81.700198333,1.9,47.4,
T,2021-04-15,18:31:00,28.624990000,-81.700190000,1.9,61.6,
T,2021-04-15,18:31:01,28.624995000,-81.700178333,2.3,63.6,
T,2021-04-15,18:31:02,28.625001667,-81.700170000,2.1,34.1,
T,2021-04-15,18:31:03,28.625008333,-81.700163333,2.3,32.8,
T,2021-04-15,18:31:04,28.625016667,-81.700156667,2.0,36.7,
T,2021-04-15,18:31:05,28.625023333,-81.700148333,2.2,41.4,
T,2021-04-15,18:31:06,28.625028333,-81.700140000,1.9,47.5,
T,2021-04-15,18:31:07,28.625035000,-81.700133333,2.0,42.2,
T,2021-04-15,18:31:08,28.625041667,-81.700126667,2.3,38.1,
T,2021-04-15,18:31:09,28.625050000,-81.700120000,2.3,34.6,
T,2021-04-15,18:31:10,28.625056667,-81.700115000,2.2,31.4,
T,2021-04-15,18:31:11,28.625065000,-81.700108333,2.0,31.1,
T,2021-04-15,18:31:12,28.625071667,-81.700103333,2.1,26.5,
T,2021-04-15,18:31:13,28.625078333,-81.700098333,2.0,30.2,
T,2021-04-15,18:31:14,28.625083333,-81.700093333,1.7,49.6,
T,2021-04-15,18:31:15,28.625088333,-81.700086667,1.9,56.9,
T,2021-04-15,18:31:16,28.625091667,-81.700076667,2.3,54.4,
T,2021-04-15,18:31:17,28.625096667,-81.700070000,1.7,40.9,
T,2021-04-15,18:31:18,28.625100000,-81.700065000,1.5,46.1,
T,2021-04-15,18:31:19,28.625103333,-81.700058333,1.7,51.4,
T,2021-04-15,18:31:20,28.625108333,-81.700053333,1.7,52.3,
T,2021-04-15,18:31:21,28.625111667,-81.700045000,2.1,49.4,
T,2021-04-15,18:31:22,28.625118333,-81.700036667,2.3,54.5,
T,2021-04-15,18:31:23,28.625121667,-81.700028333,2.1,67.8,
T,2021-04-15,18:31:24,28.625126667,-81.700018333,2.4,65.1,
T,2021-04-15,18:31:25,28.625128333,-81.700008333,1.9,73.2,
T,2021-04-15,18:31:27,28.625133333,-81.699991667,1.8,67.0,
T,2021-04-15,18:31:28,28.625136667,-81.699983333,2.1,64.3,
T,2021-04-15,18:31:29,28.625141667,-81.699975000,2.0,48.7,
T,2021-04-15,18:31:30,28.625146667,-81.699968333,2.1,47.9,
T,2021-04-15,18:31:31,28.625151667,-81.699960000,2.1,58.0,
T,2021-04-15,18:31:32,28.625156667,-81.699951667,1.9,48.1,
T,2021-04-15,18:31:33,28.625160000,-81.699943333,2.0,72.9,
T,2021-04-15,18:31:34,28.625161667,-81.699936667,1.1,72.2,
T,2021-04-15,18:31:35,28.625161667,-81.699933333,0.4,88.1,
T,2021-04-15,18:31:36,28.625163333,-81.699928333,1.2,72.6,
T,2021-04-15,18:31:37,28.625163333,-81.699920000,1.9,88.7,
T,2021-04-15,18:31:38,28.625163333,-81.699910000,2.3,90.3,
T,2021-04-15,18:31:39,28.625163333,-81.699898333,2.0,93.6,
T,2021-04-15,18:31:40,28.625163333,-81.699888333,2.3,95.3,
T,2021-04-15,18:31:41,28.625161667,-81.699878333,2.1,98.2,
T,2021-04-15,18:31:42,28.625160000,-81.699868333,2.0,98.4,
T,2021-04-15,18:31:43,28.625160000,-81.699858333,2.2,98.1,
T,2021-04-15,18:31:44,28.625158333,-81.699848333,2.3,103.3,
T,2021-04-15,18:31:45,28.625156667,-81.699838333,2.6,100.5,
T,2021-04-15,18:31:46,28.625155000,-81.699826667,2.5,98.4,
T,2021-04-15,18:31:47,28.625155000,-81.699815000,2.3,93.3,
T,2021-04-15,18:31:48,28.625153333,-81.699805000,2.2,91.5,
T,2021-04-15,18:31:49,28.625153333,-81.699795000,2.2,87.2,
T,2021-04-15,18:31:50,28.625153333,-81.699785000,2.1,92.6,
T,2021-04-15,18:31:51,28.625153333,-81.699775000,2.5,99.3,
T,2021-04-15,18:31:52,28.625153333,-81.699763333,2.3,91.5,
T,2021-04-15,18:31:53,28.625151667,-81.699751667,2.5,93.7,
T,2021-04-15,18:31:54,28.625151667,-81.699741667,2.4,88.1,
T,2021-04-15,18:31:55,28.625151667,-81.699730000,2.3,96.2,
T,2021-04-15,18:31:56,28.625150000,-81.699720000,2.1,97.5,
T,2021-04-15,18:31:57,28.625150000,-81.699710000,2.1,92.1,
T,2021-04-15,18:31:58,28.625150000,-81.699700000,2.3,95.5,
T,2021-04-15,18:31:59,28.625148333,-81.699688333,2.4,97.3,
T,2021-04-15,18:32:00,28.625148333,-81.699680000,1.6,84.6,
T,2021-04-15,18:32:01,28.625150000,-81.699675000,0.8,62.7,
T,2021-04-15,18:32:02,28.625150000,-81.699673333,0.1,41.5,
T,2021-04-15,18:32:03,28.625151667,-81.699673333,0.2,327.0,
T,2021-04-15,18:32:04,28.625153333,-81.699673333,0.1,118.8,
T,2021-04-15,18:32:05,28.625153333,-81.699675000,0.2,296.1,
T,2021-04-15,18:32:06,28.625153333,-81.699675000,0.0,128.5,
T,2021-04-15,18:32:07,28.625153333,-81.699675000,0.1,99.9,
T,2021-04-15,18:32:08,28.625153333,-81.699675000,0.1,192.7,
T,2021-04-15,18:32:09,28.625153333,-81.699675000,0.1,320.2,
T,2021-04-15,18:32:10,28.625153333,-81.699675000,0.5,292.4,
T,2021-04-15,18:32:11,28.625153333,-81.699676667,0.1,107.2,
T,2021-04-15,18:32:12,28.625153333,-81.699676667,0.2,103.1,
T,2021-04-15,18:32:13,28.625153333,-81.699675000,0.2,100.8,
T,2021-04-15,18:32:14,28.625153333,-81.699675000,0.0,349.0,
T,2021-04-15,18:32:15,28.625153333,-81.699675000,0.1,214.3,
T,2021-04-15,18:32:16,28.625153333,-81.699675000,0.1,190.4,
T,2021-04-15,18:32:17,28.625153333,-81.699675000,0.0,195.9,
T,2021-04-15,18:32:18,28.625153333,-81.699675000,0.1,108.4,
T,2021-04-15,18:32:19,28.625153333,-81.699675000,0.0,206.8,
T,2021-04-15,18:32:20,28.625153333,-81.699675000,0.0,182.1,
T,2021-04-15,18:32:21,28.625153333,-81.699675000,0.0,54.2,
T,2021-04-15,18:32:22,28.625153333,-81.699675000,0.1,316.6,
T,2021-04-15,18:32:23,28.625153333,-81.699675000,0.1,285.6,
T,2021-04-15,18:32:24,28.625153333,-81.699675000,0.0,330.1,
T,2021-04-15,18:32:25,28.625153333,-81.699675000,0.0,265.8,
T,2021-04-15,18:32:26,28.625153333,-81.699675000,0.0,70.5,
T,2021-04-15,18:32:27,28.625153333,-81.699675000,0.1,89.5,
T,2021-04-15,18:32:28,28.625153333,-81.699675000,0.0,204.0,
T,2021-04-15,18:32:29,28.625153333,-81.699675000,0.0,212.7,
T,2021-04-15,18:32:30,28.625153333,-81.699675000,0.1,243.2,
T,2021-04-15,18:32:31,28.625153333,-81.699675000,0.0,125.0,
T,2021-04-15,18:32:32,28.625153333,-81.699675000,0.0,137.4,
T,2021-04-15,18:32:33,28.625153333,-81.699675000,0.1,46.0,
T,2021-04-15,18:32:34,28.625153333,-81.699675000,0.8,99.6,
T,2021-04-15,18:32:35,28.625153333,-81.699673333,0.6,28.4,
T,2021-04-15,18:32:36,28.625155000,-81.699671667,0.2,20.8,
T,2021-04-15,18:32:37,28.625155000,-81.699671667,0.2,26.6,
T,2021-04-15,18:32:38,28.625156667,-81.699671667,0.1,25.8,
T,2021-04-15,18:32:39,28.625156667,-81.699671667,0.0,28.1,
T,2021-04-15,18:32:40,28.625156667,-81.699671667,0.0,208.3,
T,2021-04-15,18:32:41,28.625156667,-81.699671667,0.1,251.1,
T,2021-04-15,18:32:42,28.625156667,-81.699671667,0.1,271.9,
T,2021-04-15,18:32:43,28.625156667,-81.699671667,0.2,274.5,
T,2021-04-15,18:32:44,28.625156667,-81.699671667,0.1,98.8,
T,2021-04-15,18:32:45,28.625156667,-81.699671667,0.1,58.9,
T,2021-04-15,18:32:46,28.625156667,-81.699671667,0.7,31.2,
T,2021-04-15,18:32:47,28.625158333,-81.699670000,0.6,37.5,
T,2021-04-15,18:32:48,28.625158333,-81.699668333,0.8,128.4,
T,2021-04-15,18:32:49,28.625156667,-81.699666667,0.4,130.4,
T,2021-04-15,18:32:50,28.625155000,-81.699665000,0.7,120.7,
T,2021-04-15,18:32:51,28.625153333,-81.699666667,0.9,234.6,
T,2021-04-15,18:32:52,28.625151667,-81.699666667,0.2,154.8,
T,2021-04-15,18:32:53,28.625151667,-81.699666667,0.2,157.3,
T,2021-04-15,18:32:54,28.625151667,-81.699666667,0.2,167.4,
T,2021-04-15,18:32:55,28.625151667,-81.699666667,0.1,191.4,
T,2021-04-15,18:32:56,28.625151667,-81.699666667,0.0,210.4,
T,2021-04-15,18:32:57,28.625150000,-81.699666667,0.0,153.4,
T,2021-04-15,18:32:58,28.625150000,-81.699666667,0.1,20.3,
T,2021-04-15,18:32:59,28.625151667,-81.699666667,0.3,84.5,
T,2021-04-15,18:33:00,28.625151667,-81.699665000,0.2,261.1,
T,2021-04-15,18:33:01,28.625151667,-81.699665000,0.2,356.5,
T,2021-04-15,18:33:02,28.625151667,-81.699665000,0.5,41.6,
T,2021-04-15,18:33:03,28.625153333,-81.699663333,0.2,309.7,
T,2021-04-15,18:33:04,28.625153333,-81.699663333,0.2,116.3,
T,2021-04-15,18:33:05,28.625153333,-81.699663333,0.3,8.6,
T,2021-04-15,18:33:06,28.625155000,-81.699663333,0.4,358.2,
T,2021-04-15,18:33:07,28.625156667,-81.699663333,0.3,1.2,
T,2021-04-15,18:33:08,28.625156667,-81.699663333,0.2,4.7,
T,2021-04-15,18:33:09,28.625158333,-81.699663333,0.5,132.8,
T,2021-04-15,18:33:10,28.625156667,-81.699661667,0.5,146.9,
T,2021-04-15,18:33:11,28.625155000,-81.699660000,0.5,145.2,
T,2021-04-15,18:33:12,28.625153333,-81.699658333,0.5,141.7,
T,2021-04-15,18:33:13,28.625151667,-81.699656667,0.6,123.6,
T,2021-04-15,18:33:14,28.625150000,-81.699655000,0.5,133.2,
T,2021-04-15,18:33:15,28.625148333,-81.699653333,0.5,135.4,
T,2021-04-15,18:33:16,28.625146667,-81.699651667,0.5,133.0,
T,2021-04-15,18:33:17,28.625146667,-81.699650000,0.5,140.6,
T,2021-04-15,18:33:18,28.625145000,-81.699648333,0.5,119.9,
T,2021-04-15,18:33:19,28.625143333,-81.699646667,0.7,106.6,
T,2021-04-15,18:33:20,28.625143333,-81.699640000,1.8,91.5,
T,2021-04-15,18:33:21,28.625143333,-81.699630000,2.1,92.1,
T,2021-04-15,18:33:22,28.625141667,-81.699620000,2.1,93.9,
T,2021-04-15,18:33:23,28.625141667,-81.699608333,2.4,107.5,
T,2021-04-15,18:33:24,28.625141667,-81.699598333,2.1,74.5,
T,2021-04-15,18:33:25,28.625145000,-81.699590000,1.6,74.2,
T,2021-04-15,18:33:26,28.625146667,-81.699580000,2.1,80.4,
T,2021-04-15,18:33:27,28.625146667,-81.699570000,1.9,74.4,
T,2021-04-15,18:33:28,28.625148333,-81.699560000,2.1,87.8,
T,2021-04-15,18:33:29,28.625148333,-81.699550000,2.5,94.0,
T,2021-04-15,18:33:30,28.625146667,-81.699538333,2.4,93.1,
T,2021-04-15,18:33:31,28.625146667,-81.699526667,2.3,90.6,
T,2021-04-15,18:33:32,28.625146667,-81.699515000,2.5,96.9,
T,2021-04-15,18:33:33,28.625145000,-81.699503333,2.3,100.1,
T,2021-04-15,18:33:34,28.625143333,-81.699493333,2.1,99.5,
T,2021-04-15,18:33:35,28.625143333,-81.699481667,2.3,83.1,
T,2021-04-15,18:33:36,28.625145000,-81.699471667,2.3,78.2,
T,2021-04-15,18:33:37,28.625146667,-81.699460000,2.5,80.5,
T,2021-04-15,18:33:38,28.625148333,-81.699448333,2.4,87.0,
T,2021-04-15,18:33:39,28.625148333,-81.699436667,2.4,92.4,
T,2021-04-15,18:33:40,28.625148333,-81.699425000,2.3,80.4,
T,2021-04-15,18:33:41,28.625151667,-81.699415000,2.1,68.6,
T,2021-04-15,18:33:42,28.625153333,-81.699405000,2.2,79.1,
T,2021-04-15,18:33:43,28.625155000,-81.699395000,2.3,82.2,
T,2021-04-15,18:33:44,28.625158333,-81.699385000,2.5,72.8,
T,2021-04-15,18:33:45,28.625161667,-81.699373333,2.5,70.4,
T,2021-04-15,18:33:46,28.625165000,-81.699361667,2.5,70.1,
T,2021-04-15,18:33:47,28.625170000,-81.699351667,2.3,67.3,
T,2021-04-15,18:33:48,28.625173333,-81.699341667,2.0,63.3,
T,2021-04-15,18:33:49,28.625176667,-81.699333333,2.1,78.5,
T,2021-04-15,18:33:50,28.625180000,-81.699323333,2.0,85.8,
T,2021-04-15,18:33:51,28.625180000,-81.699315000,2.1,74.2,
T,2021-04-15,18:33:52,28.625183333,-81.699305000,2.4,58.2,
T,2021-04-15,18:33:53,28.625188333,-81.699295000,2.6,57.5,
T,2021-04-15,18:33:54,28.625193333,-81.699283333,2.5,61.3,
T,2021-04-15,18:33:55,28.625196667,-81.699273333,2.5,73.0,
T,2021-04-15,18:33:56,28.625200000,-81.699261667,2.4,74.9,
T,2021-04-15,18:33:57,28.625201667,-81.699251667,2.2,74.5,
T,2021-04-15,18:33:58,28.625205000,-81.699241667,2.3,77.7,
T,2021-04-15,18:33:59,28.625206667,-81.699231667,1.9,62.5,
T,2021-04-15,18:34:00,28.625211667,-81.699225000,2.0,48.7,
T,2021-04-15,18:34:01,28.625216667,-81.699218333,2.2,47.0,
T,2021-04-15,18:34:02,28.625223333,-81.699208333,2.4,55.2,
T,2021-04-15,18:34:03,28.625228333,-81.699200000,2.5,67.6,
T,2021-04-15,18:34:04,28.625231667,-81.699190000,2.2,64.2,
T,2021-04-15,18:34:05,28.625236667,-81.699180000,2.2,61.0,
T,2021-04-15,18:34:06,28.625240000,-81.699171667,2.1,65.5,
T,2021-04-15,18:34:07,28.625243333,-81.699163333,2.2,59.2,
T,2021-04-15,18:34:08,28.625248333,-81.699155000,2.3,59.7,
T,2021-04-15,18:34:09,28.625253333,-81.699145000,2.4,64.6,
T,2021-04-15,18:34:10,28.625256667,-81.699135000,2.4,67.6,
T,2021-04-15,18:34:11,28.625260000,-81.699125000,2.3,70.2,
T,2021-04-15,18:34:12,28.625263333,-81.699115000,2.3,69.8,
T,2021-04-15,18:34:13,28.625266667,-81.699105000,2.3,60.5,
T,2021-04-15,18:34:14,28.625270000,-81.699095000,2.3,65.3,
T,2021-04-15,18:34:15,28.625273333,-81.699086667,2.0,68.1,
T,2021-04-15,18:34:16,28.625276667,-81.699075000,2.4,74.5,
T,2021-04-15,18:34:17,28.625278333,-81.699065000,2.3,77.7,
T,2021-04-15,18:34:18,28.625280000,-81.699055000,2.2,66.3,
T,2021-04-15,18:34:19,28.625283333,-81.699043333,2.2,83.7,
T,2021-04-15,18:34:20,28.625283333,-81.699035000,1.8,93.9,
T,2021-04-15,18:34:21,28.625283333,-81.699025000,2.2,92.9,
T,2021-04-15,18:34:22,28.625281667,-81.699013333,2.7,107.1,
T,2021-04-15,18:34:23,28.625278333,-81.699001667,2.6,102.5,
T,2021-04-15,18:34:24,28.625276667,-81.698991667,2.6,99.4,
T,2021-04-15,18:34:25,28.625275000,-81.698980000,2.2,93.9,
T,2021-04-15,18:34:26,28.625275000,-81.698970000,2.3,94.2,
T,2021-04-15,18:34:27,28.625273333,-81.698958333,2.3,100.3,
T,2021-04-15,18:34:28,28.625271667,-81.698948333,2.3,100.6,
T,2021-04-15,18:34:29,28.625268333,-81.698936667,2.4,103.7,
T,2021-04-15,18:34:30,28.625266667,-81.698926667,2.4,104.8,
T,2021-04-15,18:34:31,28.625265000,-81.698916667,2.3,98.7,
T,2021-04-15,18:34:32,28.625263333,-81.698905000,2.3,98.0,
T,2021-04-15,18:34:33,28.625261667,-81.698895000,2.4,95.6,
T,2021-04-15,18:34:34,28.625260000,-81.698886667,2.1,98.8,
T,2021-04-15,18:34:35,28.625260000,-81.698878333,1.6,95.7,
T,2021-04-15,18:34:36,28.625258333,-81.698870000,1.9,108.0,
T,2021-04-15,18:34:37,28.625256667,-81.698861667,1.9,100.2,
T,2021-04-15,18:34:38,28.625256667,-81.698855000,0.8,73.2,
T,2021-04-15,18:34:39,28.625251667,-81.698851667,1.1,144.5,
T,2021-04-15,18:34:40,28.625248333,-81.698848333,1.8,129.6,
T,2021-04-15,18:34:41,28.625243333,-81.698841667,2.3,124.5,
T,2021-04-15,18:34:42,28.625236667,-81.698831667,2.6,133.9,
T,2021-04-15,18:34:43,28.625228333,-81.698823333,2.7,136.0,
T,2021-04-15,18:34:44,28.625221667,-81.698815000,2.4,131.9,
T,2021-04-15,18:34:45,28.625215000,-81.698805000,2.6,125.7,
T,2021-04-15,18:34:46,28.625210000,-81.698795000,2.6,124.2,
T,2021-04-15,18:34:47,28.625203333,-81.698785000,2.7,130.5,
T,2021-04-15,18:34:48,28.625196667,-81.698776667,2.4,132.2,
T,2021-04-15,18:34:49,28.625190000,-81.698768333,2.5,126.7,
T,2021-04-15,18:34:50,28.625183333,-81.698758333,2.4,122.2,
T,2021-04-15,18:34:51,28.625178333,-81.698748333,2.6,127.6,
T,2021-04-15,18:34:52,28.625171667,-81.698740000,2.5,128.9,
T,2021-04-15,18:34:53,28.625165000,-81.698730000,2.7,137.5,
T,2021-04-15,18:34:54,28.625156667,-81.698723333,2.5,138.2,
T,2021-04-15,18:34:55,28.625150000,-81.698715000,2.6,134.4,
T,2021-04-15,18:34:56,28.625143333,-81.698706667,2.3,122.8,
T,2021-04-15,18:34:57,28.625140000,-81.698696667,2.3,118.5,
T,2021-04-15,18:34:58,28.625136667,-81.698686667,2.3,108.3,
T,2021-04-15,18:34:59,28.625131667,-81.698678333,2.3,126.7,
T,2021-04-15,18:35:00,28.625125000,-81.698668333,2.4,132.8,
T,2021-04-15,18:35:01,28.625118333,-81.698660000,2.5,136.5,
T,2021-04-15,18:35:02,28.625110000,-81.698653333,2.5,144.4,
T,2021-04-15,18:35:03,28.625101667,-81.698646667,2.6,140.1,
T,2021-04-15,18:35:04,28.625093333,-81.698638333,2.4,133.9,
T,2021-04-15,18:35:05,28.625085000,-81.698631667,2.2,140.8,
T,2021-04-15,18:35:06,28.625078333,-81.698625000,2.2,130.7,
T,2021-04-15,18:35:07,28.625073333,-81.698616667,2.2,135.2,
T,2021-04-15,18:35:08,28.625065000,-81.698608333,2.4,141.1,
T,2021-04-15,18:35:09,28.625056667,-81.698601667,2.4,147.3,
T,2021-04-15,18:35:10,28.625048333,-81.698595000,2.6,144.4,
T,2021-04-15,18:35:11,28.625040000,-81.698588333,2.4,139.0,
T,2021-04-15,18:35:12,28.625031667,-81.698581667,2.4,138.8,
T,2021-04-15,18:35:13,28.625025000,-81.698573333,2.4,124.6,
T,2021-04-15,18:35:14,28.625020000,-81.698565000,2.4,130.4,
T,2021-04-15,18:35:15,28.625013333,-81.698556667,2.3,134.0,
T,2021-04-15,18:35:16,28.625006667,-81.698550000,2.1,129.5,
T,2021-04-15,18:35:17,28.625001667,-81.698541667,2.5,141.6,
T,2021-04-15,18:35:18,28.624993333,-81.698533333,2.5,137.1,
T,2021-04-15,18:35:19,28.624985000,-81.698525000,2.4,143.7,
T,2021-04-15,18:35:20,28.624978333,-81.698516667,2.3,123.1,
T,2021-04-15,18:35:21,28.624973333,-81.698508333,2.3,135.8,
T,2021-04-15,18:35:22,28.624968333,-81.698500000,2.3,126.8,
T,2021-04-15,18:35:23,28.624963333,-81.698493333,2.1,129.3,
T,2021-04-15,18:35:24,28.624956667,-81.698488333,2.1,137.5,
T,2021-04-15,18:35:25,28.624948333,-81.698481667,2.5,146.2,
T,2021-04-15,18:35:26,28.624940000,-81.698475000,2.6,136.7,
T,2021-04-15,18:35:27,28.624933333,-81.698468333,2.5,145.2,
T,2021-04-15,18:35:28,28.624925000,-81.698460000,2.4,136.7,
T,2021-04-15,18:35:29,28.624918333,-81.698453333,2.4,134.9,
T,2021-04-15,18:35:30,28.624913333,-81.698446667,1.9,139.1,
T,2021-04-15,18:35:31,28.624906667,-81.698438333,2.5,132.7,
T,2021-04-15,18:35:32,28.624900000,-81.698428333,2.3,127.3,
T,2021-04-15,18:35:33,28.624895000,-81.698420000,2.4,135.6,
T,2021-04-15,18:35:34,28.624888333,-81.698411667,2.3,139.2,
T,2021-04-15,18:35:35,28.624881667,-81.698405000,2.1,141.5,
T,2021-04-15,18:35:36,28.624873333,-81.698400000,2.4,146.8,
T,2021-04-15,18:35:37,28.624865000,-81.698395000,2.5,152.9,
T,2021-04-15,18:35:38,28.624856667,-81.698390000,2.4,148.5,
T,2021-04-15,18:35:39,28.624846667,-81.698385000,2.5,155.6,
T,2021-04-15,18:35:40,28.624838333,-81.698381667,2.1,141.7,
T,2021-04-15,18:35:41,28.624830000,-81.698375000,2.4,141.5,
T,2021-04-15,18:35:42,28.624821667,-81.698371667,2.3,164.2,
T,2021-04-15,18:35:43,28.624813333,-81.698370000,1.9,165.7,
T,2021-04-15,18:35:44,28.624806667,-81.698366667,2.0,138.6,
T,2021-04-15,18:35:45,28.624798333,-81.698360000,2.2,143.1,
T,2021-04-15,18:35:46,28.624790000,-81.698355000,2.5,151.1,
T,2021-04-15,18:35:47,28.624781667,-81.698350000,2.5,159.4,
T,2021-04-15,18:35:48,28.624771667,-81.698345000,2.4,164.4,
T,2021-04-15,18:35:49,28.624765000,-81.698341667,1.4,151.8,
T,2021-04-15,18:35:50,28.624763333,-81.698338333,1.1,125.8,
T,2021-04-15,18:35:51,28.624763333,-81.698333333,1.1,104.8,
T,2021-04-15,18:35:52,28.624763333,-81.698326667,1.0,79.8,
T,2021-04-15,18:35:53,28.624765000,-81.698321667,0.8,101.6,
T,2021-04-15,18:35:54,28.624765000,-81.698316667,0.8,82.1,
T,2021-04-15,18:35:55,28.624766667,-81.698311667,1.3,104.5,
T,2021-04-15,18:35:56,28.624766667,-81.698306667,0.5,106.3,
T,2021-04-15,18:35:57,28.624766667,-81.698305000,0.2,357.9,
T,2021-04-15,18:35:58,28.624766667,-81.698305000,0.1,154.9,
T,2021-04-15,18:35:59,28.624765000,-81.698305000,0.4,176.3,
T,2021-04-15,18:36:00,28.624763333,-81.698305000,0.3,183.3,
T,2021-04-15,18:36:01,28.624761667,-81.698305000,0.5,8.4,
T,2021-04-15,18:36:02,28.624765000,-81.698305000,0.2,175.4,
T,2021-04-15,18:36:03,28.624763333,-81.698303333,0.9,358.8,
T,2021-04-15,18:36:04,28.624766667,-81.698303333,0.3,334.3,
T,2021-04-15,18:36:05,28.624765000,-81.698303333,0.2,148.0,
T,2021-04-15,18:36:06,28.624763333,-81.698305000,0.7,174.3,
T,2021-04-15,18:36:07,28.624760000,-81.698303333,1.1,157.7,
T,2021-04-15,18:36:08,28.624761667,-81.698306667,1.0,281.0,
T,2021-04-15,18:36:09,28.624763333,-81.698311667,1.4,287.5,
T,2021-04-15,18:36:10,28.624763333,-81.698316667,1.3,275.6,
T,2021-04-15,18:36:11,28.624758333,-81.698321667,1.7,220.0,
T,2021-04-15,18:36:12,28.624751667,-81.698323333,2.1,185.7,
T,2021-04-15,18:36:13,28.624743333,-81.698321667,2.0,167.4,
T,2021-04-15,18:36:14,28.624736667,-81.698318333,1.5,165.1,
T,2021-04-15,18:36:15,28.624731667,-81.698315000,1.1,155.4,
T,2021-04-15,18:36:16,28.624728333,-81.698313333,0.8,160.5,
T,2021-04-15,18:36:17,28.624728333,-81.698311667,0.3,205.9,
T,2021-04-15,18:36:18,28.624728333,-81.698311667,0.1,28.2,
T,2021-04-15,18:36:19,28.624726667,-81.698310000,0.3,185.7,
T,2021-04-15,18:36:20,28.624723333,-81.698310000,0.9,193.9,
T,2021-04-15,18:36:21,28.624716667,-81.698311667,1.6,197.3,
T,2021-04-15,18:36:22,28.624708333,-81.698311667,2.1,179.2,
T,2021-04-15,18:36:23,28.624700000,-81.698310000,2.3,166.5,
T,2021-04-15,18:36:24,28.624690000,-81.698306667,2.4,152.2,
T,2021-04-15,18:36:25,28.624683333,-81.698301667,2.1,146.4,
T,2021-04-15,18:36:26,28.624676667,-81.698296667,1.9,145.8,
T,2021-04-15,18:36:27,28.624668333,-81.698293333,2.3,157.2,
T,2021-04-15,18:36:28,28.624658333,-81.698290000,2.4,161.8,
T,2021-04-15,18:36:29,28.624648333,-81.698290000,1.9,158.6,
T,2021-04-15,18:36:30,28.624641667,-81.698286667,1.9,152.9,
T,2021-04-15,18:36:31,28.624635000,-81.698285000,1.3,156.1,
T,2021-04-15,18:36:32,28.624630000,-81.698283333,1.4,160.5,
T,2021-04-15,18:36:33,28.624623333,-81.698281667,1.5,173.5,
T,2021-04-15,18:36:34,28.624616667,-81.698280000,1.6,168.3,
T,2021-04-15,18:36:35,28.624611667,-81.698278333,1.3,178.1,
T,2021-04-15,18:36:36,28.624610000,-81.698278333,0.5,166.9,
T,2021-04-15,18:36:37,28.624608333,-81.698276667,0.5,152.2,
T,2021-04-15,18:36:38,28.624606667,-81.698276667,0.2,150.7,
T,2021-04-15,18:36:39,28.624606667,-81.698278333,0.3,301.1,
T,2021-04-15,18:36:40,28.624608333,-81.698280000,0.3,340.8,
T,2021-04-15,18:36:41,28.624608333,-81.698280000,0.1,245.4,
T,2021-04-15,18:36:42,28.624608333,-81.698280000,0.3,185.6,
T,2021-04-15,18:36:43,28.624608333,-81.698280000,0.4,180.2,
T,2021-04-15,18:36:44,28.624606667,-81.698280000,0.4,8.9,
T,2021-04-15,18:36:45,28.624608333,-81.698280000,0.1,26.6,
T,2021-04-15,18:36:46,28.624608333,-81.698280000,0.6,12.6,
T,2021-04-15,18:36:47,28.624610000,-81.698280000,1.0,57.9,
T,2021-04-15,18:36:48,28.624611667,-81.698278333,0.5,58.6,
T,2021-04-15,18:36:49,28.624613333,-81.698276667,0.3,52.5,
T,2021-04-15,18:36:50,28.624611667,-81.698278333,0.1,266.6,
T,2021-04-15,18:36:51,28.624611667,-81.698278333,0.0,261.5,
T,2021-04-15,18:36:52,28.624611667,-81.698278333,0.2,56.1,
T,2021-04-15,18:36:53,28.624611667,-81.698276667,0.8,53.5,
T,2021-04-15,18:36:54,28.624613333,-81.698273333,0.9,99.2,
T,2021-04-15,18:36:55,28.624611667,-81.698266667,1.5,100.5,
T,2021-04-15,18:36:56,28.624608333,-81.698256667,2.2,115.5,
T,2021-04-15,18:36:57,28.624605000,-81.698248333,2.1,127.5,
T,2021-04-15,18:36:58,28.624600000,-81.698240000,2.1,131.8,
T,2021-04-15,18:36:59,28.624593333,-81.698233333,2.1,129.9,
T,2021-04-15,18:37:00,28.624588333,-81.698226667,2.1,126.2,
T,2021-04-15,18:37:01,28.624581667,-81.698220000,2.4,125.5,
T,2021-04-15,18:37:02,28.624576667,-81.698210000,2.5,123.3,
T,2021-04-15,18:37:03,28.624571667,-81.698201667,2.4,128.3,
T,2021-04-15,18:37:04,28.624566667,-81.698191667,2.3,112.7,
T,2021-04-15,18:37:05,28.624565000,-81.698183333,2.0,105.0,
T,2021-04-15,18:37:06,28.624561667,-81.698173333,2.4,116.6,
T,2021-04-15,18:37:07,28.624558333,-81.698165000,2.6,118.3,
T,2021-04-15,18:37:08,28.624553333,-81.698153333,2.7,117.1,
T,2021-04-15,18:37:09,28.624548333,-81.698143333,2.5,114.9,
T,2021-04-15,18:37:10,28.624545000,-81.698133333,2.1,107.0,
T,2021-04-15,18:37:11,28.624541667,-81.698123333,2.5,103.2,
T,2021-04-15,18:37:12,28.624538333,-81.698113333,2.6,115.8,
T,2021-04-15,18:37:13,28.624535000,-81.698101667,2.7,106.6,
T,2021-04-15,18:37:14,28.624531667,-81.698091667,2.5,105.3,
T,2021-04-15,18:37:15,28.624530000,-81.698081667,2.4,106.6,
T,2021-04-15,18:37:16,28.624526667,-81.698070000,2.6,103.1,
T,2021-04-15,18:37:17,28.624525000,-81.698058333,2.4,101.8,
T,2021-04-15,18:37:18,28.624523333,-81.698048333,2.4,99.6,
T,2021-04-15,18:37:19,28.624523333,-81.698038333,2.5,95.1,
T,2021-04-15,18:37:20,28.624523333,-81.698026667,2.4,91.9,
T,2021-04-15,18:37:21,28.624523333,-81.698015000,2.7,90.1,
T,2021-04-15,18:37:22,28.624521667,-81.698003333,2.6,98.3,
T,2021-04-15,18:37:23,28.624521667,-81.697991667,2.6,94.4,
T,2021-04-15,18:37:24,28.624520000,-81.697978333,2.6,102.2,
T,2021-04-15,18:37:25,28.624518333,-81.697968333,2.3,92.5,
T,2021-04-15,18:37:26,28.624518333,-81.697956667,2.3,84.8,
T,2021-04-15,18:37:27,28.624520000,-81.697946667,2.4,90.9,
T,2021-04-15,18:37:28,28.624520000,-81.697935000,2.4,88.9,
T,2021-04-15,18:37:29,28.624520000,-81.697923333,2.6,94.9,
T,2021-04-15,18:37:30,28.624520000,-81.697911667,2.5,84.0,
T,2021-04-15,18:37:31,28.624520000,-81.697900000,2.7,85.1,
T,2021-04-15,18:37:32,28.624520000,-81.697888333,2.3,92.8,
T,2021-04-15,18:37:33,28.624520000,-81.697880000,2.0,91.4,
T,2021-04-15,18:37:34,28.624520000,-81.697871667,2.0,89.0,
T,2021-04-15,18:37:35,28.624520000,-81.697861667,2.3,82.5,
T,2021-04-15,18:37:36,28.624521667,-81.697851667,2.6,85.2,
T,2021-04-15,18:37:37,28.624523333,-81.697840000,2.4,83.6,
T,2021-04-15,18:37:38,28.624523333,-81.697828333,2.5,80.6,
T,2021-04-15,18:37:39,28.624525000,-81.697818333,2.6,80.8,
T,2021-04-15,18:37:40,28.624526667,-81.697806667,2.4,81.1,
T,2021-04-15,18:37:41,28.624528333,-81.697795000,2.1,71.5,
T,2021-04-15,18:37:42,28.624530000,-81.697785000,2.6,92.5,
T,2021-04-15,18:37:43,28.624530000,-81.697773333,2.3,89.3,
T,2021-04-15,18:37:44,28.624531667,-81.697763333,2.6,71.1,
T,2021-04-15,18:37:45,28.624535000,-81.697751667,2.5,70.0,
T,2021-04-15,18:37:46,28.624536667,-81.697741667,2.5,79.7,
T,2021-04-15,18:37:47,28.624538333,-81.697730000,2.4,76.5,
T,2021-04-15,18:37:48,28.624540000,-81.697720000,2.3,78.9,
T,2021-04-15,18:37:49,28.624541667,-81.697710000,2.3,76.9,
T,2021-04-15,18:37:50,28.624543333,-81.697698333,2.5,81.7,
T,2021-04-15,18:37:51,28.624545000,-81.697686667,2.3,83.9,
T,2021-04-15,18:37:52,28.624546667,-81.697676667,2.4,84.6,
T,2021-04-15,18:37:53,28.624546667,-81.697666667,2.4,77.0,
T,2021-04-15,18:37:54,28.624550000,-81.697655000,2.6,78.6,
T,2021-04-15,18:37:55,28.624551667,-81.697643333,2.4,73.1,
T,2021-04-15,18:37:56,28.624553333,-81.697631667,2.8,81.7,
T,2021-04-15,18:37:57,28.624555000,-81.697620000,2.3,77.3,
T,2021-04-15,18:37:58,28.624558333,-81.697610000,2.3,74.6,
T,2021-04-15,18:37:59,28.624560000,-81.697598333,2.3,77.7,
T,2021-04-15,18:38:00,28.624563333,-81.697588333,2.5,76.3,
T,2021-04-15,18:38:01,28.624565000,-81.697578333,2.3,73.4,
T,2021-04-15,18:38:02,28.624566667,-81.697568333,2.2,74.7,
T,2021-04-15,18:38:03,28.624568333,-81.697558333,2.4,84.8,
T,2021-04-15,18:38:04,28.624570000,-81.697546667,2.3,73.6,
T,2021-04-15,18:38:05,28.624573333,-81.697535000,2.6,76.1,
T,2021-04-15,18:38:06,28.624575000,-81.697523333,2.6,77.5,
T,2021-04-15,18:38:07,28.624578333,-81.697511667,2.6,69.7,
T,2021-04-15,18:38:08,28.624581667,-81.697500000,2.3,73.6,
T,2021-04-15,18:38:09,28.624585000,-81.697490000,2.2,75.2,
T,2021-04-15,18:38:10,28.624586667,-81.697480000,2.3,75.8,
T,2021-04-15,18:38:11,28.624588333,-81.697470000,2.3,67.8,
T,2021-04-15,18:38:12,28.624593333,-81.697460000,2.5,70.5,
T,2021-04-15,18:38:13,28.624595000,-81.697450000,2.4,75.8,
T,2021-04-15,18:38:14,28.624596667,-81.697440000,2.5,75.7,
T,2021-04-15,18:38:15,28.624598333,-81.697428333,2.4,81.3,
T,2021-04-15,18:38:16,28.624601667,-81.697416667,2.5,71.9,
T,2021-04-15,18:38:17,28.624605000,-81.697406667,2.7,74.1,
T,2021-04-15,18:38:18,28.624606667,-81.697395000,2.5,77.5,
T,2021-04-15,18:38:19,28.624608333,-81.697385000,2.3,70.1,
T,2021-04-15,18:38:20,28.624611667,-81.697375000,2.7,82.1,
T,2021-04-15,18:38:21,28.624613333,-81.697363333,2.5,78.8,
T,2021-04-15,18:38:22,28.624616667,-81.697351667,2.7,77.3,
T,2021-04-15,18:38:23,28.624618333,-81.697340000,2.7,77.0,
T,2021-04-15,18:38:24,28.624621667,-81.697328333,2.6,78.5,
T,2021-04-15,18:38:25,28.624623333,-81.697318333,2.4,82.3,
T,2021-04-15,18:38:26,28.624625000,-81.697308333,2.2,77.2,
T,2021-04-15,18:38:27,28.624626667,-81.697298333,2.4,82.8,
T,2021-04-15,18:38:28,28.624625000,-81.697290000,1.8,110.1,
T,2021-04-15,18:38:29,28.624623333,-81.697280000,2.4,108.2,
T,2021-04-15,18:38:30,28.624620000,-81.697270000,2.3,119.2,
T,2021-04-15,18:38:31,28.624615000,-81.697261667,2.2,120.0,
T,2021-04-15,18:38:32,28.624611667,-81.697251667,2.2,115.3,
T,2021-04-15,18:38:33,28.624608333,-81.697241667,2.5,102.4,
T,2021-04-15,18:38:34,28.624608333,-81.697230000,2.5,76.2,
T,2021-04-15,18:38:35,28.624615000,-81.697225000,2.0,354.8,
T,2021-04-15,18:38:36,28.624621667,-81.697226667,1.9,330.2,
T,2021-04-15,18:38:37,28.624626667,-81.697230000,1.5,328.6,
T,2021-04-15,18:38:38,28.624633333,-81.697235000,1.7,335.3,
T,2021-04-15,18:38:39,28.624638333,-81.697238333,1.9,333.2,
T,2021-04-15,18:38:40,28.624643333,-81.697243333,1.7,290.6,
T,2021-04-15,18:38:41,28.624643333,-81.697251667,1.9,266.1,
T,2021-04-15,18:38:42,28.624641667,-81.697260000,2.0,263.4,
T,2021-04-15,18:38:43,28.624641667,-81.697268333,1.9,262.4,
T,2021-04-15,18:38:44,28.624640000,-81.697275000,1.8,252.6,
T,2021-04-15,18:38:45,28.624635000,-81.697280000,1.9,186.1,
T,2021-04-15,18:38:46,28.624626667,-81.697280000,2.0,161.3,
T,2021-04-15,18:38:47,28.624620000,-81.697276667,1.8,140.6,
T,2021-04-15,18:38:48,28.624615000,-81.697271667,1.7,129.2,
T,2021-04-15,18:38:49,28.624611667,-81.697265000,2.0,111.7,
T,2021-04-15,18:38:50,28.624608333,-81.697256667,2.0,108.7,
T,2021-04-15,18:38:51,28.624608333,-81.697246667,2.3,95.5,
T,2021-04-15,18:38:52,28.624608333,-81.697236667,2.5,74.2,
T,2021-04-15,18:38:53,28.624613333,-81.697226667,2.8,57.8,
T,2021-04-15,18:38:54,28.624620000,-81.697216667,2.4,57.2,
T,2021-04-15,18:38:55,28.624626667,-81.697206667,2.8,53.4,
T,2021-04-15,18:38:56,28.624633333,-81.697196667,2.7,51.4,
T,2021-04-15,18:38:57,28.624640000,-81.697188333,2.5,58.4,
T,2021-04-15,18:38:58,28.624643333,-81.697178333,2.3,73.0,
T,2021-04-15,18:38:59,28.624645000,-81.697170000,2.1,86.8,
T,2021-04-15,18:39:00,28.624646667,-81.697160000,2.2,84.4,
T,2021-04-15,18:39:01,28.624648333,-81.697150000,2.6,76.7,
T,2021-04-15,18:39:02,28.624650000,-81.697140000,2.4,84.3,
T,2021-04-15,18:39:03,28.624650000,-81.697128333,2.3,97.9,
T,2021-04-15,18:39:04,28.624648333,-81.697120000,2.3,94.0,
T,2021-04-15,18:39:05,28.624648333,-81.697108333,2.6,88.8,
T,2021-04-15,18:39:06,28.624650000,-81.697096667,2.4,91.5,
T,2021-04-15,18:39:07,28.624650000,-81.697085000,2.6,86.6,
T,2021-04-15,18:39:08,28.624651667,-81.697073333,2.3,88.1,
T,2021-04-15,18:39:09,28.624651667,-81.697063333,2.4,87.4,
T,2021-04-15,18:39:10,28.624651667,-81.697051667,2.5,95.9,
T,2021-04-15,18:39:11,28.624651667,-81.697041667,2.3,93.3,
T,2021-04-15,18:39:12,28.624650000,-81.697030000,2.6,94.1,
T,2021-04-15,18:39:13,28.624650000,-81.697020000,2.0,91.5,
T,2021-04-15,18:39:14,28.624651667,-81.697011667,2.1,85.9,
T,2021-04-15,18:39:15,28.624650000,-81.697000000,2.4,97.3,
T,2021-04-15,18:39:16,28.624648333,-81.696988333,2.5,101.8,
T,2021-04-15,18:39:17,28.624646667,-81.696978333,2.1,102.5,
T,2021-04-15,18:39:18,28.624646667,-81.696966667,2.3,92.0,
T,2021-04-15,18:39:19,28.624646667,-81.696956667,2.0,91.5,
T,2021-04-15,18:39:20,28.624645000,-81.696948333,2.1,94.7,
T,2021-04-15,18:39:21,28.624643333,-81.696945000,0.6,191.1,
T,2021-04-15,18:39:22,28.624643333,-81.696945000,0.1,196.6,
T,2021-04-15,18:39:23,28.624643333,-81.696945000,0.2,27.5,
T,2021-04-15,18:39:24,28.624643333,-81.696945000,0.1,282.0,
T,2021-04-15,18:39:25,28.624643333,-81.696945000,0.0,193.1,
T,2021-04-15,18:39:26,28.624643333,-81.696945000,0.0,197.1,
T,2021-04-15,18:39:27,28.624641667,-81.696946667,0.2,328.8,
T,2021-04-15,18:39:28,28.624643333,-81.696946667,0.1,333.9,
T,2021-04-15,18:39:29,28.624643333,-81.696946667,0.2,31.3,
T,2021-04-15,18:39:30,28.624643333,-81.696946667,0.1,234.7,
T,2021-04-15,18:39:31,28.624643333,-81.696946667,0.1,245.9,
T,2021-04-15,18:39:32,28.624643333,-81.696946667,0.0,262.1,
T,2021-04-15,18:39:33,28.624643333,-81.696946667,0.1,41.6,
T,2021-04-15,18:39:34,28.624643333,-81.696946667,0.0,13.6,
T,2021-04-15,18:39:35,28.624643333,-81.696946667,0.1,196.0,
T,2021-04-15,18:39:36,28.624643333,-81.696946667,0.1,135.6,
T,2021-04-15,18:39:37,28.624643333,-81.696946667,0.4,85.3,
T,2021-04-15,18:39:38,28.624643333,-81.696945000,0.4,195.7,
T,2021-04-15,18:39:39,28.624641667,-81.696945000,0.3,230.9,
T,2021-04-15,18:39:40,28.624641667,-81.696946667,0.7,181.5,
T,2021-04-15,18:39:41,28.624638333,-81.696946667,0.2,182.4,
T,2021-04-15,18:39:42,28.624638333,-81.696946667,0.1,129.6,
T,2021-04-15,18:39:43,28.624636667,-81.696945000,0.5,55.6,
T,2021-04-15,18:39:44,28.624638333,-81.696943333,0.3,347.0,
T,2021-04-15,18:39:45,28.624640000,-81.696945000,0.1,3.6,
T,2021-04-15,18:39:46,28.624640000,-81.696945000,0.1,5.8,
T,2021-04-15,18:39:47,28.624640000,-81.696943333,0.0,185.5,
T,2021-04-15,18:39:48,28.624640000,-81.696943333,0.1,103.3,
T,2021-04-15,18:39:49,28.624640000,-81.696943333,0.0,35.7,
T,2021-04-15,18:39:50,28.624640000,-81.696943333,0.1,127.8,
T,2021-04-15,18:39:51,28.624640000,-81.696943333,0.4,238.5,
T,2021-04-15,18:39:52,28.624640000,-81.696945000,0.2,65.6,
T,2021-04-15,18:39:53,28.624640000,-81.696945000,0.0,48.9,
T,2021-04-15,18:39:54,28.624640000,-81.696945000,0.0,252.0,
T,2021-04-15,18:39:55,28.624640000,-81.696945000,0.0,317.3,
T,2021-04-15,18:39:56,28.624640000,-81.696945000,0.3,58.2,
T,2021-04-15,18:39:57,28.624640000,-81.696943333,0.5,17.3,
T,2021-04-15,18:39:58,28.624641667,-81.696943333,0.2,172.9,
T,2021-04-15,18:39:59,28.624641667,-81.696943333,0.3,41.3,
T,2021-04-15,18:40:00,28.624641667,-81.696941667,0.4,205.6,
T,2021-04-15,18:40:01,28.624641667,-81.696941667,0.4,219.1,
T,2021-04-15,18:40:02,28.624640000,-81.696943333,0.3,189.8,
T,2021-04-15,18:40:03,28.624638333,-81.696943333,0.1,189.7,
T,2021-04-15,18:40:04,28.624638333,-81.696943333,0.1,340.8,
T,2021-04-15,18:40:05,28.624638333,-81.696945000,0.1,133.5,
T,2021-04-15,18:40:06,28.624638333,-81.696943333,0.1,341.3,
T,2021-04-15,18:40:07,28.624638333,-81.696945000,0.2,356.6,
T,2021-04-15,18:40:08,28.624640000,-81.696945000,0.2,240.7,
T,2021-04-15,18:40:09,28.624640000,-81.696945000,0.2,159.9,
T,2021-04-15,18:40:10,28.624638333,-81.696945000,0.2,83.8,
T,2021-04-15,18:40:11,28.624638333,-81.696943333,0.1,190.0,
T,2021-04-15,18:40:12,28.624638333,-81.696943333,0.0,152.0,
T,2021-04-15,18:40:13,28.624638333,-81.696943333,0.3,174.3,
T,2021-04-15,18:40:14,28.624636667,-81.696943333,0.3,132.4,
T,2021-04-15,18:40:15,28.624636667,-81.696943333,0.3,66.2,
T,2021-04-15,18:40:16,28.624636667,-81.696941667,0.4,333.2,
T,2021-04-15,18:40:17,28.624638333,-81.696943333,0.3,222.5,
T,2021-04-15,18:40:18,28.624636667,-81.696943333,0.1,75.1,
T,2021-04-15,18:40:19,28.624638333,-81.696943333,0.5,89.1,
T,2021-04-15,18:40:20,28.624638333,-81.696940000,0.3,119.0,
T,2021-04-15,18:40:21,28.624636667,-81.696940000,0.1,245.8,
T,2021-04-15,18:40:22,28.624636667,-81.696940000,0.2,230.3,
T,2021-04-15,18:40:23,28.624636667,-81.696940000,0.1,23.6,
T,2021-04-15,18:40:24,28.624636667,-81.696940000,0.9,343.4,
T,2021-04-15,18:40:25,28.624638333,-81.696940000,0.6,345.4,
T,2021-04-15,18:40:26,28.624643333,-81.696941667,0.2,254.9,
T,2021-04-15,18:40:27,28.624643333,-81.696941667,0.3,223.7,
T,2021-04-15,18:40:28,28.624641667,-81.696940000,0.2,131.3,
T,2021-04-15,18:40:29,28.624641667,-81.696940000,0.1,116.1,
T,2021-04-15,18:40:30,28.624641667,-81.696940000,0.3,25.7,
T,2021-04-15,18:40:31,28.624641667,-81.696938333,0.3,328.4,
T,2021-04-15,18:40:32,28.624643333,-81.696940000,0.2,162.8,
T,2021-04-15,18:40:33,28.624643333,-81.696940000,0.2,14.5,
T,2021-04-15,18:40:34,28.624643333,-81.696938333,0.4,22.6,
T,2021-04-15,18:40:35,28.624645000,-81.696938333,0.6,52.0,
T,2021-04-15,18:40:36,28.624646667,-81.696936667,0.1,29.7,
T,2021-04-15,18:40:37,28.624646667,-81.696936667,0.1,87.0,
T,2021-04-15,18:40:38,28.624646667,-81.696935000,0.5,145.4,
T,2021-04-15,18:40:39,28.624645000,-81.696935000,0.3,128.0,
T,2021-04-15,18:40:40,28.624645000,-81.696933333,0.2,160.9,
T,2021-04-15,18:40:41,28.624643333,-81.696933333,0.0,274.2,
T,2021-04-15,18:40:42,28.624643333,-81.696933333,0.0,186.8,
T,2021-04-15,18:40:43,28.624643333,-81.696933333,0.2,297.4,
T,2021-04-15,18:40:44,28.624643333,-81.696933333,0.1,17.0,
T,2021-04-15,18:40:45,28.624643333,-81.696933333,0.1,55.2,
T,2021-04-15,18:40:46,28.624643333,-81.696933333,0.1,99.7,
T,2021-04-15,18:40:47,28.624643333,-81.696933333,0.0,108.7,
T,2021-04-15,18:40:48,28.624643333,-81.696933333,0.0,195.7,
T,2021-04-15,18:40:49,28.624643333,-81.696933333,0.0,79.2,
T,2021-04-15,18:40:50,28.624643333,-81.696933333,0.0,316.3,
T,2021-04-15,18:40:51,28.624643333,-81.696933333,0.1,264.6,
T,2021-04-15,18:40:52,28.624643333,-81.696933333,0.1,124.7,
T,2021-04-15,18:40:53,28.624643333,-81.696933333,0.0,141.6,
T,2021-04-15,18:40:54,28.624643333,-81.696933333,0.3,222.8,
T,2021-04-15,18:40:55,28.624643333,-81.696933333,0.0,210.8,
T,2021-04-15,18:40:56,28.624643333,-81.696933333,0.5,244.6,
T,2021-04-15,18:40:57,28.624641667,-81.696936667,0.1,330.4,
T,2021-04-15,18:40:58,28.624641667,-81.696936667,0.3,91.0,
T,2021-04-15,18:40:59,28.624641667,-81.696935000,0.1,81.6,
T,2021-04-15,18:41:00,28.624641667,-81.696935000,0.1,38.0,
T,2021-04-15,18:41:01,28.624641667,-81.696935000,0.8,31.2,
T,2021-04-15,18:41:02,28.624643333,-81.696933333,0.2,40.2,
T,2021-04-15,18:41:03,28.624645000,-81.696931667,0.5,76.1,
T,2021-04-15,18:41:04,28.624646667,-81.696926667,0.9,63.7,
T,2021-04-15,18:41:05,28.624646667,-81.696921667,1.4,89.1,
T,2021-04-15,18:41:06,28.624646667,-81.696915000,1.5,101.0,
T,2021-04-15,18:41:07,28.624643333,-81.696913333,0.9,153.9,
T,2021-04-15,18:41:08,28.624641667,-81.696911667,0.1,156.8,
T,2021-04-15,18:41:09,28.624643333,-81.696911667,0.2,347.4,
T,2021-04-15,18:41:10,28.624643333,-81.696911667,0.3,12.7,
T,2021-04-15,18:41:11,28.624643333,-81.696913333,0.4,232.3,
T,2021-04-15,18:41:12,28.624641667,-81.696915000,0.1,290.2,
T,2021-04-15,18:41:13,28.624641667,-81.696915000,0.4,288.7,
T,2021-04-15,18:41:14,28.624643333,-81.696916667,0.4,259.0,
T,2021-04-15,18:41:15,28.624641667,-81.696918333,0.1,20.7,
T,2021-04-15,18:41:16,28.624643333,-81.696918333,0.6,24.0,
T,2021-04-15,18:41:17,28.624645000,-81.696916667,0.8,103.7,
T,2021-04-15,18:41:18,28.624641667,-81.696910000,1.7,113.4,
T,2021-04-15,18:41:19,28.624640000,-81.696901667,2.2,103.8,
T,2021-04-15,18:41:20,28.624638333,-81.696891667,2.2,95.2,
T,2021-04-15,18:41:21,28.624638333,-81.696880000,2.5,96.4,
T,2021-04-15,18:41:22,28.624636667,-81.696870000,2.4,101.1,
T,2021-04-15,18:41:23,28.624633333,-81.696860000,2.3,112.8,
T,2021-04-15,18:41:24,28.624630000,-81.696850000,2.1,107.3,
T,2021-04-15,18:41:25,28.624628333,-81.696840000,2.1,109.8,
T,2021-04-15,18:41:26,28.624625000,-81.696830000,2.3,116.0,
T,2021-04-15,18:41:27,28.624623333,-81.696821667,1.9,106.2,
T,2021-04-15,18:41:28,28.624621667,-81.696813333,1.9,106.8,
T,2021-04-15,18:41:29,28.624620000,-81.696803333,1.9,94.2,
T,2021-04-15,18:41:30,28.624620000,-81.696795000,2.0,100.9,
T,2021-04-15,18:41:31,28.624618333,-81.696785000,2.1,98.5,
T,2021-04-15,18:41:32,28.624618333,-81.696775000,2.2,95.7,
T,2021-04-15,18:41:33,28.624618333,-81.696765000,2.2,96.8,
T,2021-04-15,18:41:34,28.624618333,-81.696755000,2.3,95.2,
T,2021-04-15,18:41:35,28.624618333,-81.696743333,2.3,106.5,
T,2021-04-15,18:41:36,28.624616667,-81.696733333,2.0,98.1,
T,2021-04-15,18:41:37,28.624615000,-81.696723333,2.3,103.8,
T,2021-04-15,18:41:38,28.624613333,-81.696713333,2.1,101.8,
T,2021-04-15,18:41:39,28.624611667,-81.696703333,2.1,96.7,
T,2021-04-15,18:41:40,28.624610000,-81.696693333,2.0,96.2,
T,2021-04-15,18:41:41,28.624610000,-81.696685000,2.0,86.1,
T,2021-04-15,18:41:42,28.624610000,-81.696675000,2.0,103.1,
T,2021-04-15,18:41:43,28.624608333,-81.696668333,1.2,106.6,
T,2021-04-15,18:41:44,28.624606667,-81.696666667,0.5,243.4,
T,2021-04-15,18:41:45,28.624606667,-81.696666667,0.2,30.8,
T,2021-04-15,18:41:46,28.624608333,-81.696665000,0.3,61.4,
T,2021-04-15,18:41:47,28.624608333,-81.696665000,0.2,64.3,
T,2021-04-15,18:41:48,28.624608333,-81.696663333,1.2,47.1,
T,2021-04-15,18:41:49,28.624611667,-81.696660000,0.9,54.9,
T,2021-04-15,18:41:50,28.624613333,-81.696655000,1.2,65.5,
T,2021-04-15,18:41:51,28.624615000,-81.696648333,1.8,70.6,
T,2021-04-15,18:41:52,28.624616667,-81.696638333,2.2,85.1,
T,2021-04-15,18:41:53,28.624618333,-81.696628333,2.1,75.9,
T,2021-04-15,18:41:54,28.624620000,-81.696620000,1.8,76.6,
T,2021-04-15,18:41:55,28.624621667,-81.696611667,2.0,83.4,
T,2021-04-15,18:41:56,28.624623333,-81.696601667,2.3,67.6,
T,2021-04-15,18:41:57,28.624626667,-81.696591667,2.3,66.2,
T,2021-04-15,18:41:58,28.624630000,-81.696583333,2.1,63.6,
T,2021-04-15,18:41:59,28.624633333,-81.696575000,1.9,57.5,
T,2021-04-15,18:42:00,28.624635000,-81.696568333,1.2,90.8,
T,2021-04-15,18:42:01,28.624635000,-81.696563333,1.2,57.8,
T,2021-04-15,18:42:02,28.624638333,-81.696558333,1.5,56.7,
T,2021-04-15,18:42:03,28.624641667,-81.696551667,1.5,72.5,
T,2021-04-15,18:42:04,28.624643333,-81.696545000,1.7,58.0,
T,2021-04-15,18:42:05,28.624645000,-81.696538333,1.9,69.9,
T,2021-04-15,18:42:06,28.624646667,-81.696531667,0.9,95.2,
T,2021-04-15,18:42:07,28.624646667,-81.696530000,0.0,180.3,
T,2021-04-15,18:42:08,28.624646667,-81.696530000,0.0,120.2,
T,2021-04-15,18:42:09,28.624646667,-81.696528333,0.3,101.5,
T,2021-04-15,18:42:10,28.624646667,-81.696528333,0.0,146.5,
T,2021-04-15,18:42:11,28.624646667,-81.696528333,0.0,157.7,
T,2021-04-15,18:42:12,28.624646667,-81.696528333,0.0,241.9,
T,2021-04-15,18:42:13,28.624646667,-81.696528333,0.1,180.0,
T,2021-04-15,18:42:14,28.624646667,-81.696528333,0.1,176.1,
T,2021-04-15,18:42:15,28.624646667,-81.696528333,0.1,345.9,
T,2021-04-15,18:42:16,28.624646667,-81.696528333,0.7,36.7,
T,2021-04-15,18:42:17,28.624648333,-81.696525000,1.3,58.4,
T,2021-04-15,18:42:18,28.624651667,-81.696520000,1.2,39.7,
T,2021-04-15,18:42:19,28.624656667,-81.696516667,1.4,50.3,
T,2021-04-15,18:42:20,28.624660000,-81.696511667,1.9,58.3,
T,2021-04-15,18:42:21,28.624665000,-81.696506667,1.7,36.4,
T,2021-04-15,18:42:22,28.624670000,-81.696500000,2.0,40.6,
T,2021-04-15,18:42:23,28.624676667,-81.696495000,2.1,38.5,
T,2021-04-15,18:42:24,28.624681667,-81.696486667,2.2,59.9,
T,2021-04-15,18:42:25,28.624688333,-81.696478333,2.4,51.9,
T,2021-04-15,18:42:26,28.624693333,-81.696470000,1.8,33.6,
T,2021-04-15,18:42:27,28.624700000,-81.696466667,1.4,34.5,
T,2021-04-15,18:42:28,28.624703333,-81.696463333,1.6,29.4,
T,2021-04-15,18:42:29,28.624710000,-81.696460000,1.8,31.7,
T,2021-04-15,18:42:30,28.624716667,-81.696456667,2.1,26.2,
T,2021-04-15,18:42:31,28.624725000,-81.696453333,2.0,19.4,
T,2021-04-15,18:42:32,28.624731667,-81.696450000,1.9,25.0,
T,2021-04-15,18:42:33,28.624738333,-81.696446667,1.7,21.4,
T,2021-04-15,18:42:34,28.624745000,-81.696445000,1.6,7.6,
T,2021-04-15,18:42:35,28.624751667,-81.696443333,1.7,13.4,
T,2021-04-15,18:42:36,28.624756667,-81.696443333,1.7,10.5,
T,2021-04-15,18:42:37,28.624761667,-81.696441667,1.6,21.8,
T,2021-04-15,18:42:38,28.624766667,-81.696438333,1.6,27.1,
T,2021-04-15,18:42:39,28.624773333,-81.696435000,1.9,27.1,
T,2021-04-15,18:42:40,28.624780000,-81.696428333,1.9,45.8,
T,2021-04-15,18:42:41,28.624785000,-81.696421667,2.0,55.9,
T,2021-04-15,18:42:42,28.624788333,-81.696415000,1.8,52.7,
T,2021-04-15,18:42:43,28.624793333,-81.696408333,2.0,49.3,
T,2021-04-15,18:42:44,28.624800000,-81.696403333,2.1,36.3,
T,2021-04-15,18:42:45,28.624805000,-81.696396667,1.9,45.9,
T,2021-04-15,18:42:46,28.624810000,-81.696391667,1.9,40.1,
T,2021-04-15,18:42:47,28.624816667,-81.696385000,2.0,46.6,
T,2021-04-15,18:42:48,28.624821667,-81.696378333,2.0,57.4,
T,2021-04-15,18:42:49,28.624825000,-81.696370000,1.9,53.7,
T,2021-04-15,18:42:50,28.624830000,-81.696363333,1.9,49.1,
T,2021-04-15,18:42:51,28.624835000,-81.696356667,1.7,43.7,
T,2021-04-15,18:42:52,28.624840000,-81.696351667,1.6,49.7,
T,2021-04-15,18:42:53,28.624843333,-81.696345000,1.6,56.4,
T,2021-04-15,18:42:54,28.624846667,-81.696338333,1.5,54.0,
T,2021-04-15,18:42:55,28.624850000,-81.696335000,0.4,41.6,
T,2021-04-15,18:42:56,28.624850000,-81.696333333,0.2,325.0,
T,2021-04-15,18:42:57,28.624850000,-81.696333333,0.1,350.9,
T,2021-04-15,18:42:58,28.624850000,-81.696333333,0.0,303.5,
T,2021-04-15,18:42:59,28.624850000,-81.696333333,0.0,101.7,
T,2021-04-15,18:43:00,28.624850000,-81.696333333,0.2,165.8,
T,2021-04-15,18:43:01,28.624850000,-81.696333333,0.1,135.7,
T,2021-04-15,18:43:02,28.624848333,-81.696333333,0.1,333.2,
T,2021-04-15,18:43:03,28.624850000,-81.696333333,0.0,352.1,
T,2021-04-15,18:43:04,28.624850000,-81.696333333,0.1,284.7,
T,2021-04-15,18:43:05,28.624850000,-81.696333333,0.2,318.9,
T,2021-04-15,18:43:06,28.624850000,-81.696333333,0.2,314.5,
T,2021-04-15,18:43:07,28.624850000,-81.696335000,0.1,191.0,
T,2021-04-15,18:43:08,28.624850000,-81.696335000,0.2,300.5,
T,2021-04-15,18:43:09,28.624850000,-81.696335000,0.0,332.7,
T,2021-04-15,18:43:10,28.624850000,-81.696335000,0.2,114.2,
T,2021-04-15,18:43:11,28.624850000,-81.696335000,0.0,322.2,
T,2021-04-15,18:43:12,28.624850000,-81.696335000,0.1,300.8,
T,2021-04-15,18:43:13,28.624850000,-81.696335000,0.0,158.5,
T,2021-04-15,18:43:14,28.624850000,-81.696335000,0.1,339.6,
T,2021-04-15,18:43:15,28.624850000,-81.696335000,0.4,93.6,
T,2021-04-15,18:43:16,28.624850000,-81.696335000,1.1,65.0,
T,2021-04-15,18:43:17,28.624851667,-81.696328333,1.6,73.6,
T,2021-04-15,18:43:18,28.624855000,-81.696320000,1.8,70.1,
T,2021-04-15,18:43:19,28.624856667,-81.696311667,2.0,83.0,
T,2021-04-15,18:43:20,28.624856667,-81.696300000,2.2,90.2,
T,2021-04-15,18:43:21,28.624856667,-81.696290000,2.1,103.9,
T,2021-04-15,18:43:22,28.624856667,-81.696280000,2.1,80.6,
T,2021-04-15,18:43:23,28.624858333,-81.696270000,2.3,78.9,
T,2021-04-15,18:43:24,28.624860000,-81.696260000,2.1,79.6,
T,2021-04-15,18:43:25,28.624861667,-81.696250000,2.1,90.9,
T,2021-04-15,18:43:26,28.624861667,-81.696240000,2.2,83.9,
T,2021-04-15,18:43:27,28.624861667,-81.696228333,2.4,95.5,
T,2021-04-15,18:43:28,28.624861667,-81.696220000,1.5,72.4,
T,2021-04-15,18:43:29,28.624865000,-81.696211667,1.9,75.0,
T,2021-04-15,18:43:30,28.624866667,-81.696201667,2.0,81.3,
T,2021-04-15,18:43:31,28.624868333,-81.696191667,2.1,78.7,
T,2021-04-15,18:43:32,28.624868333,-81.696183333,1.8,96.5,
T,2021-04-15,18:43:33,28.624868333,-81.696175000,2.5,64.4,
T,2021-04-15,18:43:34,28.624875000,-81.696163333,2.4,56.0,
T,2021-04-15,18:43:35,28.624880000,-81.696153333,2.1,55.2,
T,2021-04-15,18:43:36,28.624885000,-81.696146667,1.9,51.5,
T,2021-04-15,18:43:37,28.624890000,-81.696138333,2.0,51.1,
T,2021-04-15,18:43:38,28.624895000,-81.696130000,2.3,53.9,
T,2021-04-15,18:43:39,28.624900000,-81.696121667,2.3,54.9,
T,2021-04-15,18:43:40,28.624906667,-81.696113333,2.3,46.6,
T,2021-04-15,18:43:41,28.624913333,-81.696105000,2.4,39.2,
T,2021-04-15,18:43:42,28.624921667,-81.696098333,2.2,38.8,
T,2021-04-15,18:43:43,28.624928333,-81.696093333,2.2,34.3,
T,2021-04-15,18:43:44,28.624936667,-81.696086667,2.0,28.8,
T,2021-04-15,18:43:45,28.624943333,-81.696081667,2.1,40.2,
T,2021-04-15,18:43:46,28.624950000,-81.696075000,2.3,37.9,
T,2021-04-15,18:43:47,28.624956667,-81.696070000,2.0,31.9,
T,2021-04-15,18:43:48,28.624963333,-81.696065000,2.1,27.4,
T,2021-04-15,18:43:49,28.624970000,-81.696060000,2.2,37.9,
T,2021-04-15,18:43:50,28.624976667,-81.696053333,2.0,31.1,
T,2021-04-15,18:43:51,28.624983333,-81.696048333,1.7,28.1,
T,2021-04-15,18:43:52,28.624988333,-81.696045000,1.3,29.8,
T,2021-04-15,18:43:53,28.624993333,-81.696041667,1.6,28.3,
T,2021-04-15,18:43:54,28.624998333,-81.696038333,1.2,44.9,
T,2021-04-15,18:43:55,28.625003333,-81.696036667,1.4,21.7,
T,2021-04-15,18:43:56,28.625008333,-81.696031667,1.4,26.9,
T,2021-04-15,18:43:57,28.625013333,-81.696028333,1.8,33.6,
T,2021-04-15,18:43:58,28.625020000,-81.696025000,1.1,23.5,
T,2021-04-15,18:43:59,28.625025000,-81.696023333,1.3,23.2,
T,2021-04-15,18:44:00,28.625030000,-81.696020000,1.8,28.9,
T,2021-04-15,18:44:01,28.625036667,-81.696015000,1.6,24.3,
T,2021-04-15,18:44:02,28.625041667,-81.696013333,1.3,19.6,
T,2021-04-15,18:44:03,28.625048333,-81.696010000,1.6,22.1,
T,2021-04-15,18:44:04,28.625053333,-81.696008333,1.4,36.5,
T,2021-04-15,18:44:05,28.625058333,-81.696005000,1.3,30.1,
T,2021-04-15,18:44:06,28.625061667,-81.696001667,1.1,25.1,
T,2021-04-15,18:44:07,28.625066667,-81.696000000,1.3,33.2,
T,2021-04-15,18:44:08,28.625071667,-81.695995000,1.4,35.2,
T,2021-04-15,18:44:09,28.625075000,-81.695990000,1.2,53.2,
T,2021-04-15,18:44:10,28.625076667,-81.695988333,0.2,127.5,
T,2021-04-15,18:44:11,28.625078333,-81.695988333,0.3,18.0,
T,2021-04-15,18:44:12,28.625080000,-81.695988333,0.1,151.3,
T,2021-04-15,18:44:13,28.625081667,-81.695988333,0.2,2.2,
T,2021-04-15,18:44:14,28.625081667,-81.695988333,0.0,223.9,
T,2021-04-15,18:44:15,28.625081667,-81.695988333,0.1,180.6,
T,2021-04-15,18:44:16,28.625081667,-81.695988333,0.2,195.7,
T,2021-04-15,18:44:17,28.625080000,-81.695988333,0.2,43.2,
T,2021-04-15,18:44:18,28.625081667,-81.695988333,0.6,61.1,
T,2021-04-15,18:44:19,28.625081667,-81.695986667,0.8,47.0,
T,2021-04-15,18:44:20,28.625085000,-81.695985000,0.2,51.1,
T,2021-04-15,18:44:21,28.625086667,-81.695985000,0.2,13.8,
T,2021-04-15,18:44:22,28.625085000,-81.695985000,0.3,182.9,
T,2021-04-15,18:44:23,28.625085000,-81.695985000,0.1,342.1,
T,2021-04-15,18:44:24,28.625086667,-81.695986667,0.2,355.0,
T,2021-04-15,18:44:25,28.625086667,-81.695986667,0.0,231.2,
T,2021-04-15,18:44:26,28.625086667,-81.695986667,0.1,214.0,
T,2021-04-15,18:44:27,28.625086667,-81.695986667,0.5,18.1,
T,2021-04-15,18:44:28,28.625088333,-81.695985000,0.5,48.3,
T,2021-04-15,18:44:29,28.625090000,-81.695985000,0.5,6.7,
T,2021-04-15,18:44:30,28.625091667,-81.695983333,0.1,78.5,
T,2021-04-15,18:44:31,28.625091667,-81.695983333,0.6,123.3,
T,2021-04-15,18:44:32,28.625090000,-81.695980000,1.2,48.4,
T,2021-04-15,18:44:33,28.625096667,-81.695973333,2.0,42.4,
T,2021-04-15,18:44:34,28.625103333,-81.695966667,2.2,33.4,
T,2021-04-15,18:44:35,28.625113333,-81.695963333,1.9,18.1,
T,2021-04-15,18:44:36,28.625118333,-81.695960000,1.6,28.8,
T,2021-04-15,18:44:37,28.625125000,-81.695955000,1.6,42.4,
T,2021-04-15,18:44:38,28.625128333,-81.695950000,1.3,63.6,
T,2021-04-15,18:44:39,28.625130000,-81.695945000,1.4,76.6,
T,2021-04-15,18:44:40,28.625135000,-81.695933333,2.1,66.6,
T,2021-04-15,18:44:41,28.625140000,-81.695923333,2.1,73.9,
T,2021-04-15,18:44:42,28.625145000,-81.695915000,2.1,60.3,
T,2021-04-15,18:44:43,28.625148333,-81.695906667,1.5,65.0,
T,2021-04-15,18:44:44,28.625151667,-81.695901667,0.7,28.4,
T,2021-04-15,18:44:45,28.625155000,-81.695895000,1.6,59.1,
T,2021-04-15,18:44:46,28.625158333,-81.695886667,1.8,73.3,
T,2021-04-15,18:44:47,28.625160000,-81.695880000,1.4,70.2,
T,2021-04-15,18:44:48,28.625163333,-81.695871667,1.8,77.5,
T,2021-04-15,18:44:49,28.625165000,-81.695863333,1.8,75.4,
T,2021-04-15,18:44:50,28.625166667,-81.695855000,1.9,79.9,
T,2021-04-15,18:44:51,28.625166667,-81.695846667,1.5,90.0,
T,2021-04-15,18:44:52,28.625168333,-81.695838333,1.6,82.9,
T,2021-04-15,18:44:53,28.625168333,-81.695831667,1.4,84.4,
T,2021-04-15,18:44:54,28.625168333,-81.695825000,1.4,87.0,
T,2021-04-15,18:44:55,28.625170000,-81.695818333,1.5,75.9,
T,2021-04-15,18:44:56,28.625171667,-81.695810000,1.8,77.0,
T,2021-04-15,18:44:57,28.625171667,-81.695800000,2.3,87.1,
T,2021-04-15,18:44:58,28.625171667,-81.695788333,2.1,100.5,
T,2021-04-15,18:44:59,28.625170000,-81.695780000,1.8,88.1,
T,2021-04-15,18:45:00,28.625170000,-81.695771667,1.9,108.0,
T,2021-04-15,18:45:01,28.625166667,-81.695761667,2.4,105.7,
T,2021-04-15,18:45:02,28.625163333,-81.695751667,2.4,100.2,
T,2021-04-15,18:45:03,28.625161667,-81.695740000,2.5,100.4,
T,2021-04-15,18:45:04,28.625160000,-81.695728333,2.1,87.3,
T,2021-04-15,18:45:05,28.625160000,-81.695721667,1.4,90.3,
T,2021-04-15,18:45:06,28.625161667,-81.695715000,1.3,86.8,
T,2021-04-15,18:45:07,28.625163333,-81.695710000,1.4,58.4,
T,2021-04-15,18:45:08,28.625165000,-81.695705000,0.6,58.8,
T,2021-04-15,18:45:09,28.625165000,-81.695703333,0.4,99.2,
T,2021-04-15,18:45:10,28.625165000,-81.695703333,0.2,142.5,
T,2021-04-15,18:45:11,28.625161667,-81.695701667,0.6,165.7,
T,2021-04-15,18:45:12,28.625160000,-81.695701667,0.4,174.4,
T,2021-04-15,18:45:13,28.625158333,-81.695701667,0.2,179.8,
T,2021-04-15,18:45:14,28.625156667,-81.695701667,0.1,170.2,
T,2021-04-15,18:45:15,28.625156667,-81.695701667,0.1,211.2,
T,2021-04-15,18:45:16,28.625156667,-81.695701667,0.2,196.3,
T,2021-04-15,18:45:17,28.625155000,-81.695701667,0.1,8.5,
T,2021-04-15,18:45:18,28.625155000,-81.695701667,0.2,20.7,
T,2021-04-15,18:45:19,28.625156667,-81.695701667,0.2,8.3,
T,2021-04-15,18:45:20,28.625156667,-81.695701667,0.0,298.9,
T,2021-04-15,18:45:21,28.625156667,-81.695701667,0.1,316.9,
T,2021-04-15,18:45:22,28.625156667,-81.695701667,0.0,148.9,
T,2021-04-15,18:45:23,28.625156667,-81.695701667,0.1,330.9,
T,2021-04-15,18:45:24,28.625156667,-81.695701667,0.1,196.3,
T,2021-04-15,18:45:25,28.625156667,-81.695701667,0.1,222.8,
T,2021-04-15,18:45:26,28.625156667,-81.695701667,0.1,158.8,
T,2021-04-15,18:45:27,28.625156667,-81.695701667,0.0,198.6,
T,2021-04-15,18:45:28,28.625156667,-81.695701667,0.3,4.2,
T,2021-04-15,18:45:29,28.625156667,-81.695701667,0.1,348.1,
T,2021-04-15,18:45:30,28.625158333,-81.695701667,0.1,352.0,
T,2021-04-15,18:45:31,28.625158333,-81.695701667,0.2,276.3,
T,2021-04-15,18:45:32,28.625158333,-81.695703333,0.5,89.9,
T,2021-04-15,18:45:33,28.625158333,-81.695701667,0.7,169.8,
T,2021-04-15,18:45:34,28.625156667,-81.695696667,1.4,116.7,
T,2021-04-15,18:45:35,28.625155000,-81.695688333,1.7,103.2,
T,2021-04-15,18:45:36,28.625155000,-81.695681667,1.7,95.9,
T,2021-04-15,18:45:37,28.625155000,-81.695673333,1.6,103.1,
T,2021-04-15,18:45:38,28.625151667,-81.695668333,1.5,115.5,
T,2021-04-15,18:45:39,28.625151667,-81.695660000,1.9,77.8,
T,2021-04-15,18:45:40,28.625153333,-81.695651667,1.9,97.7,
T,2021-04-15,18:45:41,28.625151667,-81.695643333,1.7,101.0,
T,2021-04-15,18:45:42,28.625150000,-81.695635000,1.8,109.3,
T,2021-04-15,18:45:43,28.625146667,-81.695626667,1.7,114.0,
T,2021-04-15,18:45:44,28.625145000,-81.695620000,1.1,114.1,
T,2021-04-15,18:45:45,28.625141667,-81.695613333,1.3,116.5,
T,2021-04-15,18:45:46,28.625143333,-81.695606667,1.2,106.5,
T,2021-04-15,18:45:47,28.625140000,-81.695601667,1.1,141.2,
T,2021-04-15,18:45:48,28.625136667,-81.695596667,1.3,142.8,
T,2021-04-15,18:45:49,28.625133333,-81.695598333,0.9,201.8,
T,2021-04-15,18:45:50,28.625130000,-81.695598333,1.0,197.5,
T,2021-04-15,18:45:51,28.625125000,-81.695598333,1.3,185.3,
T,2021-04-15,18:45:52,28.625120000,-81.695596667,1.4,157.7,
T,2021-04-15,18:45:53,28.625115000,-81.695593333,1.4,161.3,
T,2021-04-15,18:45:54,28.625110000,-81.695591667,1.4,161.5,
T,2021-04-15,18:45:55,28.625105000,-81.695590000,1.4,160.4,
T,2021-04-15,18:45:56,28.625100000,-81.695590000,1.3,208.0,
T,2021-04-15,18:45:57,28.625096667,-81.695595000,1.2,229.6,
T,2021-04-15,18:45:58,28.625093333,-81.695598333,1.3,229.5,
T,2021-04-15,18:45:59,28.625090000,-81.695603333,1.1,214.4,
T,2021-04-15,18:46:00,28.625088333,-81.695605000,0.2,151.7,
T,2021-04-15,18:46:01,28.625086667,-81.695603333,0.2,161.5,
T,2021-04-15,18:46:02,28.625086667,-81.695603333,0.3,140.3,
T,2021-04-15,18:46:03,28.625085000,-81.695603333,0.3,273.4,
T,2021-04-15,18:46:04,28.625085000,-81.695605000,0.3,257.4,
T,2021-04-15,18:46:05,28.625085000,-81.695606667,1.3,109.8,
T,2021-04-15,18:46:06,28.625083333,-81.695605000,0.7,212.3,
T,2021-04-15,18:46:07,28.625083333,-81.695605000,0.1,142.5,
T,2021-04-15,18:46:08,28.625081667,-81.695605000,0.0,114.6,
T,2021-04-15,18:46:09,28.625081667,-81.695605000,0.0,71.0,
T,2021-04-15,18:46:10,28.625081667,-81.695603333,0.0,94.7,
T,2021-04-15,18:46:11,28.625081667,-81.695603333,0.0,178.0,
T,2021-04-15,18:46:12,28.625081667,-81.695603333,0.0,152.2,
T,2021-04-15,18:46:13,28.625081667,-81.695603333,0.0,20.8,
T,2021-04-15,18:46:14,28.625081667,-81.695603333,0.1,191.7,
T,2021-04-15,18:46:15,28.625081667,-81.695603333,0.1,70.3,
T,2021-04-15,18:46:16,28.625081667,-81.695603333,1.4,26.4,
T,2021-04-15,18:46:17,28.625095000,-81.695591667,13.0,43.3,
T,2021-04-15,18:46:18,28.625116667,-81.695576667,4.0,14.6,
T,2021-04-15,18:46:19,28.625130000,-81.695573333,4.3,14.3,
T,2021-04-15,18:46:20,28.625141667,-81.695575000,1.5,323.8,
T,2021-04-15,18:46:21,28.625143333,-81.695573333,2.0,344.6,
T,2021-04-15,18:46:22,28.625150000,-81.695571667,1.9,22.3,
T,2021-04-15,18:46:23,28.625155000,-81.695571667,1.1,1.2,
T,2021-04-15,18:46:24,28.625155000,-81.695568333,1.0,41.9,
T,2021-04-15,18:46:25,28.625160000,-81.695570000,1.1,8.4,
T,2021-04-15,18:46:26,28.625165000,-81.695566667,1.8,24.1,
T,2021-04-15,18:46:27,28.625170000,-81.695563333,1.4,46.1,
T,2021-04-15,18:46:28,28.625171667,-81.695558333,1.6,57.4,
T,2021-04-15,18:46:29,28.625178333,-81.695553333,2.2,34.2,
T,2021-04-15,18:46:30,28.625183333,-81.695548333,1.5,40.0,
T,2021-04-15,18:46:31,28.625186667,-81.695543333,1.6,44.8,
T,2021-04-15,18:46:32,28.625191667,-81.695538333,1.7,42.5,
T,2021-04-15,18:46:33,28.625196667,-81.695533333,1.8,49.7,
T,2021-04-15,18:46:34,28.625203333,-81.695526667,2.1,41.3,
T,2021-04-15,18:46:35,28.625210000,-81.695520000,2.0,46.7,
T,2021-04-15,18:46:36,28.625215000,-81.695515000,1.7,38.5,
T,2021-04-15,18:46:37,28.625220000,-81.695510000,1.9,28.6,
T,2021-04-15,18:46:38,28.625225000,-81.695501667,2.2,52.1,
T,2021-04-15,18:46:39,28.625231667,-81.695495000,2.4,43.4,
T,2021-04-15,18:46:40,28.625238333,-81.695488333,2.2,42.1,
T,2021-04-15,18:46:41,28.625245000,-81.695483333,1.8,21.7,
T,2021-04-15,18:46:42,28.625250000,-81.695480000,1.8,29.7,
T,2021-04-15,18:46:43,28.625253333,-81.695475000,1.1,43.8,
T,2021-04-15,18:46:44,28.625256667,-81.695473333,1.1,16.7,
T,2021-04-15,18:46:45,28.625258333,-81.695470000,0.9,93.8,
T,2021-04-15,18:46:46,28.625260000,-81.695466667,0.8,60.2,
T,2021-04-15,18:46:47,28.625261667,-81.695465000,0.1,33.0,
T,2021-04-15,18:46:48,28.625260000,-81.695465000,0.2,153.7,
T,2021-04-15,18:46:49,28.625261667,-81.695465000,0.4,3.7,
T,2021-04-15,18:46:50,28.625263333,-81.695465000,0.4,23.5,
T,2021-04-15,18:46:51,28.625263333,-81.695465000,0.0,283.4,
T,2021-04-15,18:46:52,28.625265000,-81.695465000,0.8,319.6,
T,2021-04-15,18:46:53,28.625271667,-81.695465000,1.6,15.9,
T,2021-04-15,18:46:54,28.625278333,-81.695463333,2.1,14.2,
T,2021-04-15,18:46:55,28.625286667,-81.695461667,2.1,8.6,
T,2021-04-15,18:46:56,28.625293333,-81.695460000,1.8,354.2,
T,2021-04-15,18:46:57,28.625298333,-81.695460000,1.5,345.5,
T,2021-04-15,18:46:58,28.625303333,-81.695460000,1.9,356.8,
T,2021-04-15,18:46:59,28.625311667,-81.695461667,2.3,10.1,
T,2021-04-15,18:47:00,28.625321667,-81.695463333,2.4,339.3,
T,2021-04-15,18:47:01,28.625331667,-81.695466667,2.3,346.8,
T,2021-04-15,18:47:02,28.625340000,-81.695468333,2.0,349.2,
T,2021-04-15,18:47:03,28.625346667,-81.695466667,1.3,16.8,
T,2021-04-15,18:47:04,28.625345000,-81.695465000,0.7,132.3,
T,2021-04-15,18:47:05,28.625345000,-81.695465000,0.2,141.2,
T,2021-04-15,18:47:06,28.625343333,-81.695463333,0.4,121.9,
T,2021-04-15,18:47:07,28.625343333,-81.695463333,0.3,21.1,
T,2021-04-15,18:47:08,28.625343333,-81.695461667,0.1,247.8,
T,2021-04-15,18:47:09,28.625343333,-81.695463333,0.2,331.1,
T,2021-04-15,18:47:10,28.625345000,-81.695463333,0.2,359.8,
T,2021-04-15,18:47:11,28.625345000,-81.695463333,0.1,160.6,
T,2021-04-15,18:47:12,28.625345000,-81.695463333,0.1,343.9,
T,2021-04-15,18:47:13,28.625345000,-81.695463333,0.6,303.6,
T,2021-04-15,18:47:14,28.625346667,-81.695465000,1.9,292.9,
T,2021-04-15,18:47:15,28.625350000,-81.695476667,2.5,308.9,
T,2021-04-15,18:47:16,28.625356667,-81.695485000,2.2,327.2,
T,2021-04-15,18:47:17,28.625363333,-81.695488333,2.5,328.1,
T,2021-04-15,18:47:18,28.625373333,-81.695495000,2.6,318.2,
T,2021-04-15,18:47:19,28.625381667,-81.695505000,2.6,312.1,
T,2021-04-15,18:47:20,28.625388333,-81.695513333,2.2,315.8,
T,2021-04-15,18:47:21,28.625393333,-81.695516667,2.2,318.7,
T,2021-04-15,18:47:22,28.625400000,-81.695525000,2.5,314.6,
T,2021-04-15,18:47:23,28.625408333,-81.695533333,2.5,305.8,
T,2021-04-15,18:47:24,28.625415000,-81.695543333,2.5,311.2,
T,2021-04-15,18:47:25,28.625425000,-81.695551667,2.6,317.7,
T,2021-04-15,18:47:26,28.625431667,-81.695560000,2.6,316.8,
T,2021-04-15,18:47:27,28.625440000,-81.695568333,2.4,313.4,
T,2021-04-15,18:47:28,28.625446667,-81.695576667,2.3,320.5,
T,2021-04-15,18:47:29,28.625455000,-81.695583333,2.4,318.7,
T,2021-04-15,18:47:30,28.625461667,-81.695591667,2.3,323.5,
T,2021-04-15,18:47:31,28.625470000,-81.695598333,2.5,319.8,
T,2021-04-15,18:47:32,28.625476667,-81.695606667,2.5,318.6,
T,2021-04-15,18:47:33,28.625485000,-81.695613333,2.5,325.9,
T,2021-04-15,18:47:34,28.625491667,-81.695621667,2.2,320.8,
T,2021-04-15,18:47:35,28.625500000,-81.695628333,2.6,322.3,
T,2021-04-15,18:47:36,28.625508333,-81.695636667,2.4,321.1,
T,2021-04-15,18:47:37,28.625516667,-81.695643333,2.1,315.0,
T,2021-04-15,18:47:38,28.625518333,-81.695646667,1.7,317.5,
T,2021-04-15,18:47:39,28.625525000,-81.695650000,1.7,349.4,
T,2021-04-15,18:47:40,28.625530000,-81.695650000,1.1,340.4,
T,2021-04-15,18:47:41,28.625533333,-81.695651667,0.6,348.3,
T,2021-04-15,18:47:42,28.625533333,-81.695653333,0.2,354.9,
T,2021-04-15,18:47:43,28.625535000,-81.695653333,0.6,337.9,
T,2021-04-15,18:47:44,28.625540000,-81.695656667,1.7,325.5,
T,2021-04-15,18:47:45,28.625546667,-81.695663333,2.1,331.3,
T,2021-04-15,18:47:46,28.625553333,-81.695665000,2.3,342.4,
T,2021-04-15,18:47:47,28.625561667,-81.695668333,2.3,338.1,
T,2021-04-15,18:47:48,28.625571667,-81.695671667,2.1,350.0,
T,2021-04-15,18:47:49,28.625578333,-81.695670000,2.0,355.7,
T,2021-04-15,18:47:50,28.625585000,-81.695670000,2.1,347.6,
T,2021-04-15,18:47:51,28.625591667,-81.695670000,2.1,359.3,
T,2021-04-15,18:47:52,28.625600000,-81.695670000,2.1,348.6,
T,2021-04-15,18:47:53,28.625610000,-81.695671667,2.5,355.2,
T,2021-04-15,18:47:54,28.625618333,-81.695671667,2.3,358.8,
T,2021-04-15,18:47:55,28.625628333,-81.695673333,2.3,354.4,
T,2021-04-15,18:47:56,28.625638333,-81.695673333,2.3,358.5,
T,2021-04-15,18:47:57,28.625646667,-81.695673333,2.1,7.5,
T,2021-04-15,18:47:58,28.625655000,-81.695671667,2.2,0.0,
T,2021-04-15,18:47:59,28.625663333,-81.695673333,2.1,0.7,
T,2021-04-15,18:48:00,28.625670000,-81.695671667,2.1,358.2,
T,2021-04-15,18:48:01,28.625676667,-81.695671667,2.2,348.1,
T,2021-04-15,18:48:02,28.625683333,-81.695671667,2.2,344.1,
T,2021-04-15,18:48:03,28.625688333,-81.695673333,2.0,330.7,
T,2021-04-15,18:48:04,28.625691667,-81.695675000,1.2,329.2,
T,2021-04-15,18:48:05,28.625693333,-81.695678333,0.2,353.7,
T,2021-04-15,18:48:06,28.625695000,-81.695678333,0.1,234.2,
T,2021-04-15,18:48:07,28.625693333,-81.695678333,0.5,203.0,
T,2021-04-15,18:48:08,28.625693333,-81.695680000,0.3,190.4,
T,2021-04-15,18:48:09,28.625691667,-81.695680000,0.2,38.2,
T,2021-04-15,18:48:10,28.625691667,-81.695680000,0.2,8.5,
T,2021-04-15,18:48:11,28.625693333,-81.695678333,0.2,355.6,
T,2021-04-15,18:48:12,28.625693333,-81.695678333,0.0,190.2,
T,2021-04-15,18:48:13,28.625693333,-81.695680000,0.3,321.2,
T,2021-04-15,18:48:14,28.625695000,-81.695680000,1.0,327.0,
T,2021-04-15,18:48:15,28.625701667,-81.695685000,1.8,332.9,
T,2021-04-15,18:48:16,28.625708333,-81.695686667,2.0,336.7,
T,2021-04-15,18:48:17,28.625718333,-81.695690000,2.0,334.1,
T,2021-04-15,18:48:18,28.625726667,-81.695696667,2.1,321.7,
T,2021-04-15,18:48:19,28.625733333,-81.695701667,1.5,342.7,
T,2021-04-15,18:48:20,28.625738333,-81.695703333,0.5,346.1,
T,2021-04-15,18:48:21,28.625743333,-81.695708333,1.9,307.3,
T,2021-04-15,18:48:22,28.625750000,-81.695716667,2.0,311.1,
T,2021-04-15,18:48:23,28.625758333,-81.695723333,2.3,324.3,
T,2021-04-15,18:48:24,28.625766667,-81.695730000,2.2,327.9,
T,2021-04-15,18:48:25,28.625775000,-81.695738333,2.5,316.5,
T,2021-04-15,18:48:26,28.625783333,-81.695745000,2.5,313.2,
T,2021-04-15,18:48:27,28.625791667,-81.695755000,2.3,310.9,
T,2021-04-15,18:48:28,28.625798333,-81.695761667,2.2,326.0,
T,2021-04-15,18:48:29,28.625806667,-81.695768333,2.4,321.8,
T,2021-04-15,18:48:30,28.625815000,-81.695775000,2.4,324.6,
T,2021-04-15,18:48:31,28.625821667,-81.695780000,1.7,313.1,
T,2021-04-15,18:48:32,28.625825000,-81.695785000,0.9,272.6,
T,2021-04-15,18:48:33,28.625823333,-81.695788333,0.4,241.3,
T,2021-04-15,18:48:34,28.625823333,-81.695790000,0.2,238.7,
T,2021-04-15,18:48:35,28.625821667,-81.695790000,0.1,1.4,
T,2021-04-15,18:48:36,28.625823333,-81.695788333,0.3,7.4,
T,2021-04-15,18:48:37,28.625825000,-81.695788333,0.8,28.2,
T,2021-04-15,18:48:38,28.625826667,-81.695788333,0.1,241.7,
T,2021-04-15,18:48:39,28.625826667,-81.695788333,0.3,71.9,
T,2021-04-15,18:48:40,28.625828333,-81.695788333,0.5,12.3,
T,2021-04-15,18:48:41,28.625833333,-81.695791667,1.1,329.0,
T,2021-04-15,18:48:42,28.625838333,-81.695795000,1.7,329.2,
T,2021-04-15,18:48:43,28.625846667,-81.695798333,1.9,344.7,
T,2021-04-15,18:48:44,28.625853333,-81.695801667,1.7,343.2,
T,2021-04-15,18:48:45,28.625860000,-81.695805000,1.8,337.9,
T,2021-04-15,18:48:46,28.625868333,-81.695808333,2.0,346.6,
T,2021-04-15,18:48:47,28.625876667,-81.695811667,2.1,351.0,
T,2021-04-15,18:48:48,28.625883333,-81.695811667,1.9,9.8,
T,2021-04-15,18:48:49,28.625891667,-81.695808333,2.1,11.9,
T,2021-04-15,18:48:50,28.625901667,-81.695806667,2.2,11.9,
T,2021-04-15,18:48:51,28.625908333,-81.695805000,1.8,14.1,
T,2021-04-15,18:48:52,28.625916667,-81.695803333,2.1,17.0,
T,2021-04-15,18:48:53,28.625923333,-81.695800000,1.9,22.1,
T,2021-04-15,18:48:54,28.625930000,-81.695796667,2.0,30.9,
T,2021-04-15,18:48:55,28.625936667,-81.695790000,1.9,40.9,
T,2021-04-15,18:48:56,28.625943333,-81.695785000,2.0,36.9,
T,2021-04-15,18:48:57,28.625950000,-81.695778333,2.3,33.0,
T,2021-04-15,18:48:58,28.625958333,-81.695773333,2.4,29.9,
T,2021-04-15,18:48:59,28.625965000,-81.695766667,2.3,43.3,
T,2021-04-15,18:49:00,28.625973333,-81.695760000,2.4,32.5,
T,2021-04-15,18:49:01,28.625981667,-81.695755000,2.1,30.5,
T,2021-04-15,18:49:02,28.625988333,-81.695750000,2.3,30.5,
T,2021-04-15,18:49:03,28.625996667,-81.695743333,2.1,32.9,
T,2021-04-15,18:49:04,28.626003333,-81.695738333,1.9,36.0,
T,2021-04-15,18:49:05,28.626010000,-81.695731667,2.1,47.0,
T,2021-04-15,18:49:06,28.626016667,-81.695725000,2.3,45.5,
T,2021-04-15,18:49:07,28.626023333,-81.695718333,2.0,46.6,
T,2021-04-15,18:49:08,28.626030000,-81.695713333,2.0,40.7,
T,2021-04-15,18:49:09,28.626036667,-81.695708333,2.1,29.3,
T,2021-04-15,18:49:10,28.626043333,-81.695703333,1.9,22.3,
T,2021-04-15,18:49:11,28.626050000,-81.695703333,0.8,327.3,
T,2021-04-15,18:49:12,28.626051667,-81.695705000,0.3,261.1,
T,2021-04-15,18:49:13,28.626051667,-81.695705000,0.1,101.5,
T,2021-04-15,18:49:14,28.626053333,-81.695705000,0.0,136.2,
T,2021-04-15,18:49:15,28.626053333,-81.695705000,0.1,97.3,
T,2021-04-15,18:49:16,28.626053333,-81.695705000,0.1,273.6,
T,2021-04-15,18:49:17,28.626053333,-81.695705000,1.1,112.0,
T,2021-04-15,18:49:18,28.626053333,-81.695701667,1.0,116.1,
T,2021-04-15,18:49:19,28.626053333,-81.695698333,0.6,114.2,
T,2021-04-15,18:49:20,28.626053333,-81.695696667,0.5,80.3,
T,2021-04-15,18:49:21,28.626055000,-81.695691667,1.1,74.7,
T,2021-04-15,18:49:22,28.626055000,-81.695681667,2.1,93.5,
T,2021-04-15,18:49:23,28.626053333,-81.695671667,2.1,106.0,
T,2021-04-15,18:49:24,28.626051667,-81.695661667,2.0,75.7,
T,2021-04-15,18:49:25,28.626051667,-81.695653333,2.0,96.6,
T,2021-04-15,18:49:26,28.626050000,-81.695643333,2.1,103.8,
T,2021-04-15,18:49:27,28.626046667,-81.695633333,2.2,100.0,
T,2021-04-15,18:49:28,28.626045000,-81.695623333,2.3,98.3,
T,2021-04-15,18:49:29,28.626041667,-81.695613333,2.1,101.5,
T,2021-04-15,18:49:30,28.626040000,-81.695605000,1.5,121.9,
T,2021-04-15,18:49:31,28.626036667,-81.695598333,1.4,124.7,
T,2021-04-15,18:49:32,28.626033333,-81.695591667,1.7,124.6,
T,2021-04-15,18:49:33,28.626030000,-81.695585000,0.5,137.4,
T,2021-04-15,18:49:34,28.626030000,-81.695583333,0.1,39.1,
T,2021-04-15,18:49:35,28.626031667,-81.695583333,0.1,336.7,
T,2021-04-15,18:49:36,28.626031667,-81.695581667,0.1,20.9,
T,2021-04-15,18:49:37,28.626031667,-81.695581667,0.0,289.0,
T,2021-04-15,18:49:38,28.626031667,-81.695581667,0.1,294.3,
T,2021-04-15,18:49:39,28.626031667,-81.695581667,0.1,310.6,
T,2021-04-15,18:49:40,28.626031667,-81.695581667,0.0,281.8,
T,2021-04-15,18:49:41,28.626031667,-81.695581667,0.0,181.6,
T,2021-04-15,18:49:42,28.626031667,-81.695581667,0.0,81.2,
T,2021-04-15,18:49:43,28.626031667,-81.695581667,0.3,163.5,
T,2021-04-15,18:49:44,28.626031667,-81.695581667,0.1,140.4,
T,2021-04-15,18:49:45,28.626030000,-81.695581667,0.1,140.8,
T,2021-04-15,18:49:46,28.626030000,-81.695581667,0.2,34.0,
T,2021-04-15,18:49:47,28.626030000,-81.695581667,0.1,93.9,
T,2021-04-15,18:49:48,28.626030000,-81.695581667,0.1,51.3,
T,2021-04-15,18:49:49,28.626030000,-81.695580000,0.6,66.1,
T,2021-04-15,18:49:50,28.626031667,-81.695578333,1.0,82.4,
T,2021-04-15,18:49:51,28.626033333,-81.695570000,1.9,78.4,
T,2021-04-15,18:49:52,28.626033333,-81.695560000,1.8,85.2,
T,2021-04-15,18:49:53,28.626035000,-81.695550000,2.3,86.3,
T,2021-04-15,18:49:54,28.626036667,-81.695538333,2.2,80.8,
T,2021-04-15,18:49:55,28.626038333,-81.695528333,2.3,84.3,
T,2021-04-15,18:49:56,28.626040000,-81.695516667,2.4,83.0,
T,2021-04-15,18:49:57,28.626041667,-81.695506667,2.2,82.8,
T,2021-04-15,18:49:58,28.626043333,-81.695496667,2.4,73.8,
T,2021-04-15,18:49:59,28.626045000,-81.695486667,2.3,72.0,
T,2021-04-15,18:50:00,28.626046667,-81.695478333,1.9,82.6,
T,2021-04-15,18:50:01,28.626046667,-81.695470000,2.0,83.7,
T,2021-04-15,18:50:02,28.626048333,-81.695461667,2.2,75.4,
T,2021-04-15,18:50:03,28.626050000,-81.695453333,2.0,79.5,
T,2021-04-15,18:50:04,28.626051667,-81.695445000,2.1,73.3,
T,2021-04-15,18:50:05,28.626051667,-81.695436667,2.0,87.8,
T,2021-04-15,18:50:06,28.626051667,-81.695428333,2.2,84.1,
T,2021-04-15,18:50:07,28.626053333,-81.695420000,2.0,76.3,
T,2021-04-15,18:50:08,28.626053333,-81.695413333,2.1,82.9,
T,2021-04-15,18:50:09,28.626056667,-81.695403333,2.3,71.7,
T,2021-04-15,18:50:10,28.626058333,-81.695395000,2.2,71.4,
T,2021-04-15,18:50:11,28.626061667,-81.695385000,2.2,75.4,
T,2021-04-15,18:50:12,28.626063333,-81.695376667,2.0,77.1,
T,2021-04-15,18:50:13,28.626065000,-81.695366667,2.2,72.5,
T,2021-04-15,18:50:14,28.626068333,-81.695356667,2.1,78.3,
T,2021-04-15,18:50:15,28.626068333,-81.695348333,2.1,88.6,
T,2021-04-15,18:50:16,28.626068333,-81.695336667,2.3,92.3,
T,2021-04-15,18:50:17,28.626068333,-81.695326667,2.3,85.1,
T,2021-04-15,18:50:18,28.626068333,-81.695315000,2.2,87.9,
T,2021-04-15,18:50:19,28.626068333,-81.695305000,2.2,84.1,
T,2021-04-15,18:50:20,28.626070000,-81.695295000,2.2,84.8,
T,2021-04-15,18:50:21,28.626071667,-81.695285000,2.0,71.4,
T,2021-04-15,18:50:22,28.626075000,-81.695275000,2.2,62.1,
T,2021-04-15,18:50:23,28.626078333,-81.695263333,2.3,69.1,
T,2021-04-15,18:50:24,28.626080000,-81.695253333,2.1,75.1,
T,2021-04-15,18:50:25,28.626081667,-81.695243333,2.0,75.3,
T,2021-04-15,18:50:26,28.626083333,-81.695233333,1.9,90.0,
T,2021-04-15,18:50:27,28.626083333,-81.695223333,1.6,106.3,
T,2021-04-15,18:50:28,28.626083333,-81.695215000,1.6,89.6,
T,2021-04-15,18:50:29,28.626085000,-81.695206667,1.9,83.3,
T,2021-04-15,18:50:30,28.626086667,-81.695196667,2.1,86.3,
T,2021-04-15,18:50:31,28.626088333,-81.695186667,2.2,77.8,
T,2021-04-15,18:50:32,28.626093333,-81.695176667,2.3,57.3,
T,2021-04-15,18:50:33,28.626098333,-81.695166667,2.1,67.8,
T,2021-04-15,18:50:34,28.626101667,-81.695158333,2.0,78.8,
T,2021-04-15,18:50:35,28.626103333,-81.695150000,1.9,87.7,
T,2021-04-15,18:50:36,28.626103333,-81.695141667,1.9,99.0,
T,2021-04-15,18:50:37,28.626103333,-81.695131667,2.3,82.5,
T,2021-04-15,18:50:38,28.626105000,-81.695121667,2.4,74.2,
T,2021-04-15,18:50:39,28.626108333,-81.695111667,2.3,74.6,
T,2021-04-15,18:50:40,28.626111667,-81.695103333,2.3,77.9,
T,2021-04-15,18:50:41,28.626115000,-81.695093333,2.4,65.1,
T,2021-04-15,18:50:42,28.626120000,-81.695083333,2.5,53.7,
T,2021-04-15,18:50:43,28.626123333,-81.695075000,2.1,72.4,
T,2021-04-15,18:50:44,28.626125000,-81.695065000,1.8,85.7,
T,2021-04-15,18:50:45,28.626125000,-81.695056667,2.2,73.8,
T,2021-04-15,18:50:46,28.626128333,-81.695048333,2.7,70.3,
T,2021-04-15,18:50:47,28.626130000,-81.695036667,2.3,77.4,
T,2021-04-15,18:50:48,28.626131667,-81.695028333,2.3,75.0,
T,2021-04-15,18:50:49,28.626133333,-81.695018333,2.3,77.6,
T,2021-04-15,18:50:50,28.626131667,-81.695010000,1.9,90.5,
T,2021-04-15,18:50:51,28.626130000,-81.695003333,1.9,102.3,
T,2021-04-15,18:50:52,28.626126667,-81.694995000,2.1,116.9,
T,2021-04-15,18:50:53,28.626121667,-81.694986667,2.6,107.4,
T,2021-04-15,18:50:54,28.626118333,-81.694976667,2.2,109.2,
T,2021-04-15,18:50:55,28.626115000,-81.694966667,2.1,108.3,
T,2021-04-15,18:50:56,28.626110000,-81.694958333,2.2,107.3,
T,2021-04-15,18:50:57,28.626108333,-81.694948333,2.4,101.4,
T,2021-04-15,18:50:58,28.626105000,-81.694936667,2.3,105.8,
T,2021-04-15,18:50:59,28.626101667,-81.694926667,2.1,110.6,
T,2021-04-15,18:51:00,28.626096667,-81.694918333,2.3,116.6,
T,2021-04-15,18:51:01,28.626091667,-81.694906667,2.7,110.8,
T,2021-04-15,18:51:02,28.626088333,-81.694896667,2.3,107.8,
T,2021-04-15,18:51:03,28.626085000,-81.694886667,2.2,109.1,
T,2021-04-15,18:51:04,28.626083333,-81.694876667,2.2,108.2,
T,2021-04-15,18:51:05,28.626081667,-81.694865000,2.5,94.5,
T,2021-04-15,18:51:06,28.626081667,-81.694853333,2.1,90.0,
T,2021-04-15,18:51:07,28.626081667,-81.694845000,1.8,106.7,
T,2021-04-15,18:51:08,28.626080000,-81.694833333,2.3,104.6,
T,2021-04-15,18:51:09,28.626080000,-81.694823333,1.9,98.1,
T,2021-04-15,18:51:10,28.626078333,-81.694815000,1.7,116.8,
T,2021-04-15,18:51:11,28.626078333,-81.694806667,1.9,90.9,
T,2021-04-15,18:51:12,28.626078333,-81.694796667,1.9,95.4,
T,2021-04-15,18:51:13,28.626078333,-81.694786667,2.0,90.2,
T,2021-04-15,18:51:14,28.626078333,-81.694776667,1.9,108.3,
T,2021-04-15,18:51:15,28.626076667,-81.694768333,1.9,87.2,
T,2021-04-15,18:51:16,28.626076667,-81.694760000,1.9,90.7,
T,2021-04-15,18:51:17,28.626076667,-81.694750000,1.9,81.6,
T,2021-04-15,18:51:18,28.626078333,-81.694743333,2.0,49.6,
T,2021-04-15,18:51:19,28.626083333,-81.694735000,2.1,50.2,
T,2021-04-15,18:51:20,28.626086667,-81.694728333,1.6,76.9,
T,2021-04-15,18:51:21,28.626086667,-81.694720000,1.9,82.5,
T,2021-04-15,18:51:22,28.626088333,-81.694713333,1.9,73.2,
T,2021-04-15,18:51:23,28.626090000,-81.694705000,1.6,90.0,
T,2021-04-15,18:51:24,28.626090000,-81.694698333,1.5,95.4,
T,2021-04-15,18:51:25,28.626091667,-81.694690000,1.9,83.8,
T,2021-04-15,18:51:26,28.626093333,-81.694680000,2.2,86.2,
T,2021-04-15,18:51:27,28.626093333,-81.694671667,1.8,85.8,
T,2021-04-15,18:51:28,28.626093333,-81.694663333,1.9,90.2,
T,2021-04-15,18:51:29,28.626091667,-81.694655000,2.1,121.3,
T,2021-04-15,18:51:30,28.626086667,-81.694648333,2.2,122.0,
T,2021-04-15,18:51:31,28.626080000,-81.694640000,1.5,127.5,
T,2021-04-15,18:51:32,28.626075000,-81.694633333,1.8,141.1,
T,2021-04-15,18:51:33,28.626068333,-81.694628333,2.1,149.9,
T,2021-04-15,18:51:34,28.626061667,-81.694623333,1.3,149.0,
T,2021-04-15,18:51:35,28.626056667,-81.694620000,1.5,160.8,
T,2021-04-15,18:51:36,28.626048333,-81.694618333,1.7,174.9,
T,2021-04-15,18:51:37,28.626043333,-81.694616667,1.2,169.3,
T,2021-04-15,18:51:38,28.626036667,-81.694611667,1.7,148.3,
T,2021-04-15,18:51:39,28.626028333,-81.694603333,2.4,133.0,
T,2021-04-15,18:51:40,28.626025000,-81.694595000,2.7,99.4,
T,2021-04-15,18:51:41,28.626025000,-81.694583333,2.7,76.8,
T,2021-04-15,18:51:42,28.626030000,-81.694571667,2.2,44.5,
T,2021-04-15,18:51:43,28.626035000,-81.694565000,1.5,5.4,
T,2021-04-15,18:51:44,28.626031667,-81.694561667,1.4,347.1,
T,2021-04-15,18:51:45,28.626036667,-81.694561667,2.1,320.0,
T,2021-04-15,18:51:46,28.626063333,-81.694553333,8.1,20.9,
T,2021-04-15,18:51:47,28.626078333,-81.694556667,4.5,311.0,
T,2021-04-15,18:51:48,28.626075000,-81.694565000,2.5,301.7,
T,2021-04-15,18:51:49,28.626063333,-81.694570000,2.6,210.7,
T,2021-04-15,18:51:50,28.626050000,-81.694571667,2.9,172.8,
T,2021-04-15,18:51:51,28.626035000,-81.694566667,3.0,139.6,
T,2021-04-15,18:51:52,28.626026667,-81.694563333,2.7,125.9,
T,2021-04-15,18:51:53,28.626018333,-81.694561667,3.3,135.7,
T,2021-04-15,18:51:54,28.626010000,-81.694555000,2.9,131.1,
T,2021-04-15,18:51:55,28.626001667,-81.694550000,2.9,135.5,
T,2021-04-15,18:51:56,28.625993333,-81.694543333,2.7,131.8,
T,2021-04-15,18:51:57,28.625985000,-81.694538333,2.5,142.9,
T,2021-04-15,18:51:58,28.625978333,-81.694535000,2.0,131.5,
T,2021-04-15,18:51:59,28.625973333,-81.694533333,2.6,136.6,
T,2021-04-15,18:52:00,28.625966667,-81.694528333,2.8,135.9,
T,2021-04-15,18:52:01,28.625958333,-81.694520000,2.7,135.2,
T,2021-04-15,18:52:02,28.625951667,-81.694511667,2.6,129.6,
T,2021-04-15,18:52:03,28.625945000,-81.694501667,2.6,126.3,
T,2021-04-15,18:52:04,28.625940000,-81.694491667,2.6,125.8,
T,2021-04-15,18:52:05,28.625931667,-81.694480000,2.7,132.5,
T,2021-04-15,18:52:06,28.625925000,-81.694471667,2.2,133.1,
T,2021-04-15,18:52:07,28.625920000,-81.694466667,2.2,148.8,
T,2021-04-15,18:52:08,28.625913333,-81.694461667,2.1,137.0,
T,2021-04-15,18:52:09,28.625910000,-81.694455000,2.4,132.1,
T,2021-04-15,18:52:10,28.625905000,-81.694448333,2.3,137.1,
T,2021-04-15,18:52:11,28.625898333,-81.694441667,2.1,136.0,
T,2021-04-15,18:52:12,28.625895000,-81.694438333,2.2,139.2,
T,2021-04-15,18:52:13,28.625888333,-81.694431667,2.4,131.1,
T,2021-04-15,18:52:14,28.625881667,-81.694423333,2.3,128.8,
T,2021-04-15,18:52:15,28.625878333,-81.694416667,2.0,132.0,
T,2021-04-15,18:52:16,28.625876667,-81.694411667,1.7,138.9,
T,2021-04-15,18:52:17,28.625868333,-81.694406667,2.2,146.1,
T,2021-04-15,18:52:18,28.625861667,-81.694400000,2.2,133.4,
T,2021-04-15,18:52:19,28.625858333,-81.694396667,2.2,135.7,
T,2021-04-15,18:52:20,28.625851667,-81.694390000,2.4,127.1,
T,2021-04-15,18:52:21,28.625845000,-81.694381667,2.5,130.6,
T,2021-04-15,18:52:22,28.625838333,-81.694373333,2.3,127.0,
T,2021-04-15,18:52:23,28.625833333,-81.694365000,2.4,129.6,
T,2021-04-15,18:52:24,28.625828333,-81.694356667,2.1,118.3,
T,2021-04-15,18:52:25,28.625826667,-81.694351667,2.1,125.0,
T,2021-04-15,18:52:26,28.625821667,-81.694343333,1.9,127.3,
T,2021-04-15,18:52:27,28.625823333,-81.694340000,0.9,64.8,
T,2021-04-15,18:52:28,28.625823333,-81.694338333,0.4,341.4,
T,2021-04-15,18:52:29,28.625825000,-81.694338333,0.1,302.7,
T,2021-04-15,18:52:30,28.625825000,-81.694340000,0.2,293.4,
T,2021-04-15,18:52:31,28.625825000,-81.694340000,0.1,204.1,
T,2021-04-15,18:52:32,28.625825000,-81.694340000,0.5,141.3,
T,2021-04-15,18:52:33,28.625823333,-81.694338333,1.5,136.3,
T,2021-04-15,18:52:34,28.625820000,-81.694331667,1.9,121.0,
T,2021-04-15,18:52:35,28.625818333,-81.694326667,1.8,131.4,
T,2021-04-15,18:52:36,28.625813333,-81.694318333,1.7,140.8,
T,2021-04-15,18:52:37,28.625810000,-81.694313333,2.1,131.6,
T,2021-04-15,18:52:38,28.625805000,-81.694305000,2.0,122.0,
T,2021-04-15,18:52:39,28.625801667,-81.694300000,2.0,116.5,
T,2021-04-15,18:52:40,28.625796667,-81.694291667,2.1,132.3,
T,2021-04-15,18:52:41,28.625793333,-81.694285000,2.2,126.0,
T,2021-04-15,18:52:42,28.625788333,-81.694276667,2.2,129.4,
T,2021-04-15,18:52:43,28.625785000,-81.694271667,2.0,131.5,
T,2021-04-15,18:52:44,28.625778333,-81.694263333,1.9,116.5,
T,2021-04-15,18:52:45,28.625776667,-81.694258333,2.2,119.4,
T,2021-04-15,18:52:46,28.625770000,-81.694248333,2.1,130.0,
T,2021-04-15,18:52:47,28.625766667,-81.694243333,2.3,132.1,
T,2021-04-15,18:52:48,28.625760000,-81.694233333,2.3,127.6,
T,2021-04-15,18:52:49,28.625753333,-81.694225000,2.1,126.3,
T,2021-04-15,18:52:50,28.625750000,-81.694218333,2.3,126.7,
T,2021-04-15,18:52:51,28.625745000,-81.694210000,2.1,124.2,
T,2021-04-15,18:52:52,28.625741667,-81.694205000,2.0,119.4,
T,2021-04-15,18:52:53,28.625736667,-81.694196667,1.8,134.6,
T,2021-04-15,18:52:54,28.625735000,-81.694191667,1.6,106.7,
T,2021-04-15,18:52:55,28.625731667,-81.694185000,1.1,107.6,
T,2021-04-15,18:52:56,28.625731667,-81.694183333,0.5,36.5,
T,2021-04-15,18:52:57,28.625730000,-81.694183333,0.7,164.5,
T,2021-04-15,18:52:58,28.625725000,-81.694180000,1.7,150.0,
T,2021-04-15,18:52:59,28.625721667,-81.694173333,2.1,122.2,
T,2021-04-15,18:53:00,28.625713333,-81.694165000,2.6,146.6,
T,2021-04-15,18:53:01,28.625705000,-81.694156667,2.6,133.2,
T,2021-04-15,18:53:02,28.625698333,-81.694146667,2.4,133.2,
T,2021-04-15,18:53:03,28.625691667,-81.694136667,2.4,108.8,
T,2021-04-15,18:53:04,28.625688333,-81.694126667,2.2,125.5,
T,2021-04-15,18:53:05,28.625683333,-81.694121667,1.9,134.8,
T,2021-04-15,18:53:06,28.625678333,-81.694115000,1.6,132.7,
T,2021-04-15,18:53:07,28.625673333,-81.694110000,1.8,143.7,
T,2021-04-15,18:53:08,28.625668333,-81.694105000,2.4,144.9,
T,2021-04-15,18:53:09,28.625658333,-81.694098333,2.9,152.2,
T,2021-04-15,18:53:10,28.625648333,-81.694090000,3.0,151.2,
T,2021-04-15,18:53:11,28.625638333,-81.694081667,2.2,159.7,
T,2021-04-15,18:53:12,28.625633333,-81.694076667,2.9,157.2,
T,2021-04-15,18:53:13,28.625623333,-81.694070000,3.0,154.7,
T,2021-04-15,18:53:14,28.625615000,-81.694065000,2.1,155.1,
T,2021-04-15,18:53:15,28.625603333,-81.694058333,1.9,153.0,
T,2021-04-15,18:53:16,28.625600000,-81.694055000,1.7,156.1,
T,2021-04-15,18:53:17,28.625593333,-81.694050000,1.6,163.4,
T,2021-04-15,18:53:18,28.625585000,-81.694045000,1.7,160.4,
T,2021-04-15,18:53:19,28.625578333,-81.694038333,1.7,160.5,
T,2021-04-15,18:53:20,28.625575000,-81.694035000,1.6,143.3,
T,2021-04-15,18:53:21,28.625568333,-81.694028333,1.6,133.5,
T,2021-04-15,18:53:22,28.625565000,-81.694025000,1.6,152.8,
T,2021-04-15,18:53:23,28.625558333,-81.694021667,1.2,167.0,
T,2021-04-15,18:53:24,28.625556667,-81.694021667,0.5,200.0,
T,2021-04-15,18:53:25,28.625555000,-81.694021667,0.2,97.1,
T,2021-04-15,18:53:26,28.625553333,-81.694018333,0.4,127.4,
T,2021-04-15,18:53:27,28.625553333,-81.694016667,0.2,176.8,
T,2021-04-15,18:53:28,28.625551667,-81.694016667,0.1,186.3,
T,2021-04-15,18:53:29,28.625551667,-81.694016667,0.1,149.3,
T,2021-04-15,18:53:30,28.625550000,-81.694016667,0.2,93.8,
T,2021-04-15,18:53:31,28.625550000,-81.694016667,0.1,352.9,
T,2021-04-15,18:53:32,28.625551667,-81.694016667,0.1,328.2,
T,2021-04-15,18:53:33,28.625551667,-81.694016667,0.3,224.5,
T,2021-04-15,18:53:34,28.625550000,-81.694018333,0.1,231.0,
T,2021-04-15,18:53:35,28.625550000,-81.694018333,0.7,151.5,
T,2021-04-15,18:53:36,28.625545000,-81.694016667,1.2,166.8,
T,2021-04-15,18:53:37,28.625536667,-81.694016667,1.9,169.8,
T,2021-04-15,18:53:38,28.625530000,-81.694016667,2.0,164.8,
T,2021-04-15,18:53:39,28.625525000,-81.694016667,2.1,164.4,
T,2021-04-15,18:53:40,28.625516667,-81.694016667,2.0,174.6,
T,2021-04-15,18:53:41,28.625511667,-81.694016667,1.9,180.7,
T,2021-04-15,18:53:42,28.625505000,-81.694016667,2.0,175.5,
T,2021-04-15,18:53:43,28.625500000,-81.694016667,2.1,172.7,
T,2021-04-15,18:53:44,28.625490000,-81.694015000,2.2,162.4,
T,2021-04-15,18:53:45,28.625486667,-81.694013333,1.8,172.7,
T,2021-04-15,18:53:46,28.625478333,-81.694015000,2.0,180.2,
T,2021-04-15,18:53:47,28.625470000,-81.694015000,2.0,177.1,
T,2021-04-15,18:53:48,28.625461667,-81.694015000,2.0,190.6,
T,2021-04-15,18:53:49,28.625453333,-81.694018333,2.2,199.2,
T,2021-04-15,18:53:50,28.625445000,-81.694021667,2.3,200.9,
T,2021-04-15,18:53:51,28.625436667,-81.694025000,1.9,177.8,
T,2021-04-15,18:53:52,28.625426667,-81.694025000,1.8,188.0,
T,2021-04-15,18:53:53,28.625418333,-81.694025000,2.1,196.7,
T,2021-04-15,18:53:54,28.625410000,-81.694026667,2.1,184.9,
T,2021-04-15,18:53:55,28.625400000,-81.694028333,2.0,191.8,
T,2021-04-15,18:53:56,28.625391667,-81.694028333,1.9,179.3,
T,2021-04-15,18:53:57,28.625381667,-81.694026667,2.1,170.6,
T,2021-04-15,18:53:58,28.625373333,-81.694023333,2.3,154.6,
T,2021-04-15,18:53:59,28.625370000,-81.694018333,0.9,40.7,
T,2021-04-15,18:54:00,28.625371667,-81.694015000,0.3,39.5,
T,2021-04-15,18:54:01,28.625371667,-81.694013333,0.1,354.1,
T,2021-04-15,18:54:02,28.625371667,-81.694013333,0.2,209.5,
T,2021-04-15,18:54:03,28.625366667,-81.694013333,1.4,194.3,
T,2021-04-15,18:54:04,28.625361667,-81.694013333,1.0,172.8,
T,2021-04-15,18:54:05,28.625356667,-81.694013333,1.4,196.1,
T,2021-04-15,18:54:06,28.625350000,-81.694013333,1.8,189.1,
T,2021-04-15,18:54:07,28.625341667,-81.694015000,1.8,193.2,
T,2021-04-15,18:54:08,28.625331667,-81.694013333,1.9,179.5,
T,2021-04-15,18:54:09,28.625323333,-81.694011667,1.8,172.1,
T,2021-04-15,18:54:10,28.625315000,-81.694011667,1.9,200.8,
T,2021-04-15,18:54:11,28.625306667,-81.694011667,2.0,176.8,
T,2021-04-15,18:54:12,28.625300000,-81.694013333,1.6,184.7,
T,2021-04-15,18:54:13,28.625291667,-81.694015000,1.9,179.4,
T,2021-04-15,18:54:14,28.625285000,-81.694015000,1.9,191.0,
T,2021-04-15,18:54:15,28.625276667,-81.694018333,2.1,191.7,
T,2021-04-15,18:54:16,28.625268333,-81.694020000,2.1,186.3,
T,2021-04-15,18:54:17,28.625260000,-81.694020000,2.3,179.4,
T,2021-04-15,18:54:18,28.625250000,-81.694020000,2.2,176.5,
T,2021-04-15,18:54:19,28.625241667,-81.694020000,2.0,178.2,
T,2021-04-15,18:54:20,28.625235000,-81.694020000,1.7,191.5,
T,2021-04-15,18:54:21,28.625226667,-81.694020000,2.1,193.4,
T,2021-04-15,18:54:22,28.625218333,-81.694021667,2.2,193.0,
T,2021-04-15,18:54:23,28.625210000,-81.694023333,2.0,186.8,
T,2021-04-15,18:54:24,28.625200000,-81.694023333,2.4,180.9,
T,2021-04-15,18:54:25,28.625190000,-81.694023333,2.1,183.5,
T,2021-04-15,18:54:26,28.625181667,-81.694023333,2.3,169.4,
T,2021-04-15,18:54:27,28.625171667,-81.694021667,2.1,174.4,
T,2021-04-15,18:54:28,28.625163333,-81.694021667,1.9,177.9,
T,2021-04-15,18:54:29,28.625155000,-81.694023333,2.1,187.9,
T,2021-04-15,18:54:30,28.625146667,-81.694025000,2.2,192.4,
T,2021-04-15,18:54:31,28.625138333,-81.694028333,2.1,193.8,
T,2021-04-15,18:54:32,28.625128333,-81.694030000,2.2,184.9,
T,2021-04-15,18:54:33,28.625120000,-81.694031667,1.9,190.1,
T,2021-04-15,18:54:34,28.625111667,-81.694033333,2.0,194.0,
T,2021-04-15,18:54:35,28.625101667,-81.694035000,2.4,181.2,
T,2021-04-15,18:54:36,28.625093333,-81.694035000,2.2,186.5,
T,2021-04-15,18:54:37,28.625083333,-81.694035000,2.1,179.5,
T,2021-04-15,18:54:38,28.625075000,-81.694035000,2.0,182.2,
T,2021-04-15,18:54:39,28.625066667,-81.694035000,2.0,180.8,
T,2021-04-15,18:54:40,28.625058333,-81.694035000,2.1,177.6,
T,2021-04-15,18:54:41,28.625050000,-81.694035000,2.0,176.7,
T,2021-04-15,18:54:42,28.625041667,-81.694035000,2.1,186.9,
T,2021-04-15,18:54:43,28.625035000,-81.694038333,1.9,195.3,
T,2021-04-15,18:54:44,28.625026667,-81.694038333,2.1,190.3,
T,2021-04-15,18:54:45,28.625018333,-81.694038333,2.2,177.1,
T,2021-04-15,18:54:46,28.625010000,-81.694036667,2.0,177.1,
T,2021-04-15,18:54:47,28.625001667,-81.694036667,2.1,174.8,
T,2021-04-15,18:54:48,28.624993333,-81.694035000,2.2,174.4,
T,2021-04-15,18:54:49,28.624986667,-81.694035000,1.8,192.3,
T,2021-04-15,18:54:50,28.624978333,-81.694036667,2.2,192.5,
T,2021-04-15,18:54:51,28.624971667,-81.694038333,2.0,194.3,
T,2021-04-15,18:54:52,28.624963333,-81.694040000,2.2,190.2,
T,2021-04-15,18:54:53,28.624955000,-81.694041667,2.3,191.6,
T,2021-04-15,18:54:54,28.624946667,-81.694041667,2.3,163.4,
T,2021-04-15,18:54:55,28.624938333,-81.694038333,1.9,160.9,
T,2021-04-15,18:54:56,28.624930000,-81.694036667,2.6,190.1,
T,2021-04-15,18:54:57,28.624920000,-81.694038333,2.4,184.0,
T,2021-04-15,18:54:58,28.624910000,-81.694038333,2.4,186.4,
T,2021-04-15,18:54:59,28.624901667,-81.694038333,2.0,177.6,
T,2021-04-15,18:55:00,28.624893333,-81.694038333,2.2,183.9,
T,2021-04-15,18:55:01,28.624883333,-81.694040000,2.2,187.3,
T,2021-04-15,18:55:02,28.624875000,-81.694041667,2.0,188.5,
T,2021-04-15,18:55:03,28.624866667,-81.694041667,2.1,186.7,
T,2021-04-15,18:55:04,28.624858333,-81.694045000,2.4,202.8,
T,2021-04-15,18:55:05,28.624850000,-81.694048333,2.3,188.7,
T,2021-04-15,18:55:06,28.624841667,-81.694050000,2.1,178.8,
T,2021-04-15,18:55:07,28.624833333,-81.694050000,2.3,180.8,
T,2021-04-15,18:55:08,28.624823333,-81.694050000,2.5,182.4,
T,2021-04-15,18:55:09,28.624813333,-81.694050000,2.3,178.7,
T,2021-04-15,18:55:10,28.624805000,-81.694051667,2.2,178.8,
T,2021-04-15,18:55:11,28.624796667,-81.694050000,1.8,169.1,
T,2021-04-15,18:55:12,28.624790000,-81.694048333,1.5,153.9,
T,2021-04-15,18:55:13,28.624785000,-81.694045000,1.4,147.1,
T,2021-04-15,18:55:14,28.624781667,-81.694043333,0.8,124.2,
T,2021-04-15,18:55:15,28.624781667,-81.694041667,0.1,111.9,
T,2021-04-15,18:55:16,28.624781667,-81.694043333,0.1,247.6,
T,2021-04-15,18:55:17,28.624783333,-81.694043333,0.1,324.4,
T,2021-04-15,18:55:18,28.624780000,-81.694045000,1.0,206.0,
T,2021-04-15,18:55:19,28.624775000,-81.694046667,1.8,192.6,
T,2021-04-15,18:55:20,28.624768333,-81.694048333,2.0,194.0,
T,2021-04-15,18:55:21,28.624760000,-81.694051667,2.0,191.9,
T,2021-04-15,18:55:22,28.624753333,-81.694051667,2.0,174.6,
T,2021-04-15,18:55:23,28.624745000,-81.694051667,2.1,177.3,
T,2021-04-15,18:55:24,28.624736667,-81.694050000,2.1,179.4,
T,2021-04-15,18:55:25,28.624726667,-81.694051667,2.1,183.9,
T,2021-04-15,18:55:26,28.624718333,-81.694053333,2.2,198.6,
T,2021-04-15,18:55:27,28.624711667,-81.694056667,1.4,202.1,
T,2021-04-15,18:55:28,28.624710000,-81.694058333,0.7,221.1,
T,2021-04-15,18:55:29,28.624710000,-81.694060000,0.3,220.6,
T,2021-04-15,18:55:30,28.624708333,-81.694060000,0.1,169.4,
T,2021-04-15,18:55:31,28.624708333,-81.694060000,0.1,151.7,
T,2021-04-15,18:55:32,28.624706667,-81.694060000,0.1,174.5,
T,2021-04-15,18:55:33,28.624706667,-81.694060000,0.0,231.4,
T,2021-04-15,18:55:34,28.624706667,-81.694060000,0.1,315.2,
T,2021-04-15,18:55:35,28.624706667,-81.694060000,0.1,61.8,
T,2021-04-15,18:55:36,28.624708333,-81.694058333,0.1,45.2,
T,2021-04-15,18:55:37,28.624708333,-81.694058333,0.0,25.1,
T,2021-04-15,18:55:38,28.624708333,-81.694058333,0.1,343.2,
T,2021-04-15,18:55:39,28.624708333,-81.694058333,0.2,263.6,
T,2021-04-15,18:55:40,28.624708333,-81.694060000,0.0,267.2,
T,2021-04-15,18:55:41,28.624708333,-81.694060000,0.0,176.7,
T,2021-04-15,18:55:42,28.624708333,-81.694060000,0.3,244.7,
T,2021-04-15,18:55:43,28.624708333,-81.694061667,0.5,277.2,
T,2021-04-15,18:55:44,28.624708333,-81.694063333,0.2,212.0,
T,2021-04-15,18:55:45,28.624706667,-81.694063333,0.1,55.8,
T,2021-04-15,18:55:46,28.624706667,-81.694063333,0.1,285.7,
T,2021-04-15,18:55:47,28.624708333,-81.694063333,0.2,255.5,
T,2021-04-15,18:55:48,28.624706667,-81.694065000,0.5,86.2,
T,2021-04-15,18:55:49,28.624706667,-81.694063333,0.2,94.0,
T,2021-04-15,18:55:50,28.624706667,-81.694061667,0.3,315.6,
T,2021-04-15,18:55:51,28.624708333,-81.694063333,0.1,268.1,
T,2021-04-15,18:55:52,28.624708333,-81.694063333,1.2,148.6,
T,2021-04-15,18:55:53,28.624701667,-81.694061667,1.3,176.9,
T,2021-04-15,18:55:54,28.624696667,-81.694061667,1.3,182.6,
T,2021-04-15,18:55:55,28.624690000,-81.694060000,1.8,176.8,
T,2021-04-15,18:55:56,28.624681667,-81.694058333,2.1,174.4,
T,2021-04-15,18:55:57,28.624673333,-81.694058333,2.0,171.1,
T,2021-04-15,18:55:58,28.624666667,-81.694056667,1.6,170.7,
T,2021-04-15,18:55:59,28.624658333,-81.694055000,2.3,180.9,
T,2021-04-15,18:56:00,28.624650000,-81.694055000,2.3,177.1,
T,2021-04-15,18:56:01,28.624643333,-81.694053333,2.1,181.3,
T,2021-04-15,18:56:02,28.624635000,-81.694055000,1.8,185.0,
T,2021-04-15,18:56:03,28.624628333,-81.694055000,2.2,179.1,
T,2021-04-15,18:56:04,28.624618333,-81.694053333,2.2,179.0,
T,2021-04-15,18:56:05,28.624608333,-81.694053333,2.3,183.9,
T,2021-04-15,18:56:06,28.624600000,-81.694055000,2.2,190.3,
T,2021-04-15,18:56:07,28.624590000,-81.694056667,2.4,176.3,
T,2021-04-15,18:56:08,28.624580000,-81.694055000,2.1,173.8,
T,2021-04-15,18:56:09,28.624571667,-81.694053333,2.1,174.0,
T,2021-04-15,18:56:10,28.624563333,-81.694051667,2.3,177.9,
T,2021-04-15,18:56:11,28.624553333,-81.694051667,2.2,173.9,
T,2021-04-15,18:56:12,28.624545000,-81.694051667,2.1,180.1,
T,2021-04-15,18:56:13,28.624535000,-81.694051667,2.2,171.7,
T,2021-04-15,18:56:14,28.624526667,-81.694050000,2.1,173.8,
T,2021-04-15,18:56:15,28.624516667,-81.694050000,2.3,174.4,
T,2021-04-15,18:56:16,28.624508333,-81.694048333,2.3,177.4,
T,2021-04-15,18:56:17,28.624498333,-81.694048333,2.1,168.9,
T,2021-04-15,18:56:18,28.624491667,-81.694046667,1.9,179.2,
T,2021-04-15,18:56:19,28.624483333,-81.694046667,2.3,171.3,
T,2021-04-15,18:56:20,28.624475000,-81.694045000,2.1,164.7,
T,2021-04-15,18:56:21,28.624468333,-81.694040000,2.0,153.5,
T,2021-04-15,18:56:22,28.624460000,-81.694036667,2.3,154.5,
T,2021-04-15,18:56:23,28.624451667,-81.694031667,1.9,158.7,
T,2021-04-15,18:56:24,28.624446667,-81.694030000,0.6,147.9,
T,2021-04-15,18:56:25,28.624446667,-81.694030000,0.2,79.3,
T,2021-04-15,18:56:26,28.624448333,-81.694028333,0.2,40.2,
T,2021-04-15,18:56:27,28.624448333,-81.694028333,0.2,5.9,
T,2021-04-15,18:56:28,28.624450000,-81.694028333,0.1,246.0,
T,2021-04-15,18:56:29,28.624450000,-81.694028333,0.0,213.4,
T,2021-04-15,18:56:30,28.624450000,-81.694028333,0.0,327.9,
T,2021-04-15,18:56:31,28.624450000,-81.694028333,0.1,150.6,
T,2021-04-15,18:56:32,28.624448333,-81.694028333,0.1,183.7,
T,2021-04-15,18:56:33,28.624448333,-81.694028333,1.2,194.7,
T,2021-04-15,18:56:34,28.624441667,-81.694030000,1.7,188.7,
T,2021-04-15,18:56:35,28.624433333,-81.694030000,2.0,162.8,
T,2021-04-15,18:56:36,28.624426667,-81.694028333,2.0,159.3,
T,2021-04-15,18:56:37,28.624418333,-81.694025000,2.0,161.9,
T,2021-04-15,18:56:38,28.624410000,-81.694020000,2.3,148.1,
T,2021-04-15,18:56:39,28.624401667,-81.694015000,2.3,155.1,
T,2021-04-15,18:56:40,28.624391667,-81.694010000,2.3,160.7,
T,2021-04-15,18:56:41,28.624381667,-81.694006667,2.3,156.5,
T,2021-04-15,18:56:42,28.624373333,-81.694003333,2.1,169.6,
T,2021-04-15,18:56:43,28.624365000,-81.694001667,2.2,172.4,
T,2021-04-15,18:56:44,28.624355000,-81.693998333,2.2,161.2,
T,2021-04-15,18:56:45,28.624346667,-81.693995000,2.5,161.9,
T,2021-04-15,18:56:46,28.624336667,-81.693991667,2.5,161.5,
T,2021-04-15,18:56:47,28.624326667,-81.693986667,2.5,150.3,
T,2021-04-15,18:56:48,28.624318333,-81.693981667,2.4,154.8,
T,2021-04-15,18:56:49,28.624308333,-81.693978333,2.2,159.5,
T,2021-04-15,18:56:50,28.624300000,-81.693976667,2.1,166.1,
T,2021-04-15,18:56:51,28.624291667,-81.693973333,2.2,162.5,
T,2021-04-15,18:56:52,28.624283333,-81.693970000,2.2,156.1,
T,2021-04-15,18:56:53,28.624275000,-81.693965000,2.4,161.0,
T,2021-04-15,18:56:54,28.624265000,-81.693961667,2.3,155.6,
T,2021-04-15,18:56:55,28.624256667,-81.693958333,2.3,161.9,
T,2021-04-15,18:56:56,28.624246667,-81.693955000,2.2,172.2,
T,2021-04-15,18:56:57,28.624238333,-81.693951667,2.5,147.3,
T,2021-04-15,18:56:58,28.624230000,-81.693945000,2.3,156.8,
T,2021-04-15,18:56:59,28.624220000,-81.693941667,2.5,158.3,
T,2021-04-15,18:57:00,28.624211667,-81.693936667,2.6,154.1,
T,2021-04-15,18:57:01,28.624201667,-81.693931667,2.1,154.2,
T,2021-04-15,18:57:02,28.624193333,-81.693930000,2.4,174.3,
T,2021-04-15,18:57:03,28.624183333,-81.693928333,2.2,161.1,
T,2021-04-15,18:57:04,28.624175000,-81.693925000,2.3,155.6,
T,2021-04-15,18:57:05,28.624166667,-81.693921667,2.1,161.6,
T,2021-04-15,18:57:06,28.624158333,-81.693916667,2.2,154.8,
T,2021-04-15,18:57:07,28.624150000,-81.693913333,2.3,153.9,
T,2021-04-15,18:57:08,28.624141667,-81.693910000,2.2,170.3,
T,2021-04-15,18:57:09,28.624131667,-81.693905000,2.4,151.3,
T,2021-04-15,18:57:10,28.624125000,-81.693900000,2.1,149.6,
T,2021-04-15,18:57:11,28.624116667,-81.693896667,2.0,173.1,
T,2021-04-15,18:57:12,28.624110000,-81.693895000,2.0,161.2,
T,2021-04-15,18:57:13,28.624101667,-81.693890000,2.0,157.7,
T,2021-04-15,18:57:14,28.624095000,-81.693885000,2.4,149.8,
T,2021-04-15,18:57:15,28.624086667,-81.693880000,2.1,163.3,
T,2021-04-15,18:57:16,28.624078333,-81.693878333,2.1,163.3,
T,2021-04-15,18:57:17,28.624070000,-81.693875000,2.1,152.9,
T,2021-04-15,18:57:18,28.624061667,-81.693870000,2.1,156.9,
T,2021-04-15,18:57:19,28.624055000,-81.693866667,2.1,157.2,
T,2021-04-15,18:57:20,28.624046667,-81.693861667,2.2,152.2,
T,2021-04-15,18:57:21,28.624038333,-81.693856667,2.0,156.1,
T,2021-04-15,18:57:22,28.624031667,-81.693853333,2.3,154.8,
T,2021-04-15,18:57:23,28.624023333,-81.693850000,2.2,168.0,
T,2021-04-15,18:57:24,28.624015000,-81.693846667,2.1,161.1,
T,2021-04-15,18:57:25,28.624006667,-81.693843333,2.3,152.6,
T,2021-04-15,18:57:26,28.623998333,-81.693840000,2.1,171.0,
T,2021-04-15,18:57:27,28.623990000,-81.693836667,2.2,153.4,
T,2021-04-15,18:57:28,28.623981667,-81.693831667,2.1,155.9,
T,2021-04-15,18:57:29,28.623975000,-81.693828333,2.0,160.4,
T,2021-04-15,18:57:30,28.623966667,-81.693826667,1.9,166.6,
T,2021-04-15,18:57:31,28.623958333,-81.693823333,2.1,162.7,
T,2021-04-15,18:57:32,28.623950000,-81.693820000,2.3,155.5,
T,2021-04-15,18:57:33,28.623941667,-81.693816667,2.3,159.4,
T,2021-04-15,18:57:34,28.623935000,-81.693811667,2.4,145.3,
T,2021-04-15,18:57:35,28.623926667,-81.693808333,2.0,169.3,
T,2021-04-15,18:57:36,28.623918333,-81.693806667,1.8,177.9,
T,2021-04-15,18:57:37,28.623911667,-81.693805000,2.2,158.0,
T,2021-04-15,18:57:38,28.623903333,-81.693800000,2.3,151.7,
T,2021-04-15,18:57:39,28.623895000,-81.693796667,2.2,156.6,
T,2021-04-15,18:57:40,28.623886667,-81.693791667,2.2,151.3,
T,2021-04-15,18:57:41,28.623878333,-81.693786667,2.2,151.0,
T,2021-04-15,18:57:42,28.623871667,-81.693781667,2.0,138.2,
T,2021-04-15,18:57:43,28.623865000,-81.693775000,2.0,149.8,
T,2021-04-15,18:57:44,28.623858333,-81.693770000,2.1,139.8,
T,2021-04-15,18:57:45,28.623851667,-81.693765000,1.9,150.5,
T,2021-04-15,18:57:46,28.623845000,-81.693760000,2.3,157.7,
T,2021-04-15,18:57:47,28.623836667,-81.693755000,2.2,148.2,
T,2021-04-15,18:57:48,28.623828333,-81.693750000,2.4,150.8,
T,2021-04-15,18:57:49,28.623820000,-81.693746667,2.3,154.7,
T,2021-04-15,18:57:50,28.623811667,-81.693741667,2.4,159.9,
T,2021-04-15,18:57:51,28.623801667,-81.693740000,2.2,172.6,
T,2021-04-15,18:57:52,28.623793333,-81.693740000,2.0,177.9,
T,2021-04-15,18:57:53,28.623785000,-81.693741667,1.9,187.2,
T,2021-04-15,18:57:54,28.623778333,-81.693741667,1.5,162.3,
T,2021-04-15,18:57:55,28.623771667,-81.693736667,2.0,153.2,
T,2021-04-15,18:57:56,28.623765000,-81.693733333,2.0,154.6,
T,2021-04-15,18:57:57,28.623756667,-81.693730000,2.1,165.8,
T,2021-04-15,18:57:58,28.623748333,-81.693728333,1.9,162.0,
T,2021-04-15,18:57:59,28.623741667,-81.693725000,1.8,151.5,
T,2021-04-15,18:58:00,28.623735000,-81.693721667,1.9,152.1,
T,2021-04-15,18:58:01,28.623730000,-81.693720000,1.4,156.4,
T,2021-04-15,18:58:02,28.623726667,-81.693713333,1.9,108.9,
T,2021-04-15,18:58:03,28.623721667,-81.693706667,2.3,138.8,
T,2021-04-15,18:58:04,28.623713333,-81.693701667,2.6,160.3,
T,2021-04-15,18:58:05,28.623705000,-81.693698333,2.5,161.1,
T,2021-04-15,18:58:06,28.623695000,-81.693695000,2.4,164.8,
T,2021-04-15,18:58:07,28.623686667,-81.693691667,2.5,162.8,
T,2021-04-15,18:58:08,28.623678333,-81.693686667,2.5,154.8,
T,2021-04-15,18:58:09,28.623670000,-81.693681667,2.6,155.5,
T,2021-04-15,18:58:10,28.623661667,-81.693678333,2.2,159.6,
T,2021-04-15,18:58:11,28.623653333,-81.693675000,2.3,167.1,
T,2021-04-15,18:58:12,28.623643333,-81.693673333,2.2,172.2,
T,2021-04-15,18:58:13,28.623636667,-81.693671667,1.8,157.4,
T,2021-04-15,18:58:14,28.623628333,-81.693670000,2.2,166.0,
T,2021-04-15,18:58:15,28.623620000,-81.693666667,2.4,162.9,
T,2021-04-15,18:58:16,28.623610000,-81.693665000,2.3,167.1,
T,2021-04-15,18:58:17,28.623601667,-81.693663333,2.2,171.3,
T,2021-04-15,18:58:18,28.623593333,-81.693661667,2.2,174.5,
T,2021-04-15,18:58:19,28.623585000,-81.693660000,1.9,172.7,
T,2021-04-15,18:58:20,28.623578333,-81.693660000,1.7,177.3,
T,2021-04-15,18:58:21,28.623571667,-81.693658333,1.7,161.0,
T,2021-04-15,18:58:22,28.623566667,-81.693653333,1.1,135.6,
T,2021-04-15,18:58:23,28.623563333,-81.693653333,0.3,176.2,
T,2021-04-15,18:58:24,28.623561667,-81.693651667,0.7,138.2,
T,2021-04-15,18:58:25,28.623560000,-81.693650000,0.9,130.0,
T,2021-04-15,18:58:26,28.623556667,-81.693648333,1.4,166.4,
T,2021-04-15,18:58:27,28.623551667,-81.693646667,0.9,170.8,
T,2021-04-15,18:58:28,28.623546667,-81.693643333,1.7,161.2,
T,2021-04-15,18:58:29,28.623540000,-81.693641667,1.1,163.7,
T,2021-04-15,18:58:30,28.623538333,-81.693638333,0.8,126.0,
T,2021-04-15,18:58:31,28.623535000,-81.693636667,1.0,178.5,
T,2021-04-15,18:58:32,28.623531667,-81.693638333,1.2,186.6,
T,2021-04-15,18:58:33,28.623525000,-81.693638333,1.4,181.7,
T,2021-04-15,18:58:34,28.623518333,-81.693636667,2.2,165.8,
T,2021-04-15,18:58:35,28.623510000,-81.693635000,2.1,173.4,
T,2021-04-15,18:58:36,28.623501667,-81.693633333,2.1,166.5,
T,2021-04-15,18:58:37,28.623491667,-81.693631667,2.2,171.0,
T,2021-04-15,18:58:38,28.623483333,-81.693631667,1.6,173.0,
T,2021-04-15,18:58:39,28.623476667,-81.693630000,1.9,162.8,
T,2021-04-15,18:58:40,28.623470000,-81.693628333,1.4,173.7,
T,2021-04-15,18:58:41,28.623463333,-81.693626667,1.7,168.3,
T,2021-04-15,18:58:42,28.623455000,-81.693625000,2.0,169.9,
T,2021-04-15,18:58:43,28.623443333,-81.693620000,4.3,153.9,
T,2021-04-15,18:58:44,28.623430000,-81.693615000,3.2,159.6,
T,2021-04-15,18:58:45,28.623420000,-81.693613333,2.4,190.3,
T,2021-04-15,18:58:46,28.623418333,-81.693616667,1.4,293.6,
T,2021-04-15,18:58:47,28.623416667,-81.693613333,0.3,120.5,
T,2021-04-15,18:58:48,28.623418333,-81.693613333,0.5,34.1,
T,2021-04-15,18:58:49,28.623411667,-81.693618333,0.8,243.8,
T,2021-04-15,18:58:50,28.623416667,-81.693620000,0.6,308.5,
T,2021-04-15,18:58:51,28.623421667,-81.693620000,0.5,348.0,
T,2021-04-15,18:58:52,28.623423333,-81.693621667,0.3,283.8,
T,2021-04-15,18:58:53,28.623426667,-81.693621667,0.5,17.4,
T,2021-04-15,18:58:54,28.623428333,-81.693621667,0.1,272.8,
T,2021-04-15,18:58:55,28.623428333,-81.693621667,0.3,237.4,
T,2021-04-15,18:58:56,28.623428333,-81.693623333,0.1,268.8,
T,2021-04-15,18:58:57,28.623428333,-81.693623333,0.1,283.3,
T,2021-04-15,18:58:58,28.623428333,-81.693623333,0.1,324.1,
T,2021-04-15,18:58:59,28.623428333,-81.693625000,0.1,295.2,
T,2021-04-15,18:59:00,28.623428333,-81.693625000,0.1,308.3,
T,2021-04-15,18:59:01,28.623430000,-81.693625000,0.0,328.2,
T,2021-04-15,18:59:02,28.623430000,-81.693625000,0.0,294.6,
T,2021-04-15,18:59:03,28.623430000,-81.693625000,0.1,284.5,
T,2021-04-15,18:59:04,28.623430000,-81.693626667,0.1,223.8,
T,2021-04-15,18:59:05,28.623430000,-81.693626667,0.1,185.4,
T,2021-04-15,18:59:06,28.623430000,-81.693626667,0.0,82.0,
T,2021-04-15,18:59:07,28.623430000,-81.693626667,0.0,277.8,
T,2021-04-15,18:59:08,28.623430000,-81.693626667,0.0,9.9,
T,2021-04-15,18:59:09,28.623430000,-81.693626667,0.0,190.9,
T,2021-04-15,18:59:10,28.623430000,-81.693626667,0.1,37.8,
T,2021-04-15,18:59:11,28.623430000,-81.693626667,0.1,38.6,
T,2021-04-15,18:59:12,28.623430000,-81.693626667,0.0,195.8,
T,2021-04-15,18:59:13,28.623430000,-81.693626667,0.1,222.5,
T,2021-04-15,18:59:14,28.623430000,-81.693626667,0.0,280.9,
T,2021-04-15,18:59:15,28.623430000,-81.693626667,0.0,188.8,
T,2021-04-15,18:59:16,28.623430000,-81.693626667,0.1,40.8,
T,2021-04-15,18:59:17,28.623430000,-81.693626667,0.1,220.4,
T,2021-04-15,18:59:18,28.623430000,-81.693626667,0.0,224.8,
T,2021-04-15,18:59:19,28.623430000,-81.693626667,0.0,358.8,
T,2021-04-15,18:59:20,28.623430000,-81.693626667,0.1,52.9,
T,2021-04-15,18:59:21,28.623430000,-81.693626667,0.0,57.5,
T,2021-04-15,18:59:22,28.623430000,-81.693626667,0.0,296.0,
T,2021-04-15,18:59:23,28.623430000,-81.693626667,0.1,262.2,
T,2021-04-15,18:59:24,28.623430000,-81.693626667,0.4,233.6,
T,2021-04-15,18:59:25,28.623428333,-81.693628333,0.7,198.5,
T,2021-04-15,18:59:26,28.623426667,-81.693626667,1.8,141.2,
T,2021-04-15,18:59:27,28.623423333,-81.693623333,1.3,179.7,
T,2021-04-15,18:59:28,28.623418333,-81.693621667,2.0,152.4,
T,2021-04-15,18:59:29,28.623411667,-81.693618333,2.0,153.9,
T,2021-04-15,18:59:30,28.623405000,-81.693613333,2.2,164.1,
T,2021-04-15,18:59:31,28.623396667,-81.693611667,2.0,170.0,
T,2021-04-15,18:59:32,28.623390000,-81.693610000,1.9,186.4,
T,2021-04-15,18:59:33,28.623383333,-81.693610000,1.7,174.6,
T,2021-04-15,18:59:34,28.623376667,-81.693610000,1.5,172.6,
T,2021-04-15,18:59:35,28.623371667,-81.693608333,1.7,173.9,
T,2021-04-15,18:59:36,28.623363333,-81.693608333,2.1,176.9,
T,2021-04-15,18:59:37,28.623356667,-81.693610000,2.0,200.0,
T,2021-04-15,18:59:38,28.623350000,-81.693611667,1.9,175.9,
T,2021-04-15,18:59:39,28.623343333,-81.693610000,1.6,172.6,
T,2021-04-15,18:59:40,28.623336667,-81.693610000,1.7,178.3,
T,2021-04-15,18:59:41,28.623328333,-81.693610000,1.9,179.1,
T,2021-04-15,18:59:42,28.623321667,-81.693610000,1.9,177.3,
T,2021-04-15,18:59:43,28.623313333,-81.693610000,2.0,180.8,
T,2021-04-15,18:59:44,28.623305000,-81.693610000,2.1,184.4,
T,2021-04-15,18:59:45,28.623296667,-81.693610000,1.8,176.6,
T,2021-04-15,18:59:46,28.623290000,-81.693610000,1.7,176.0,
T,2021-04-15,18:59:47,28.623281667,-81.693608333,2.1,170.2,
T,2021-04-15,18:59:48,28.623273333,-81.693608333,1.8,169.1,
T,2021-04-15,18:59:49,28.623266667,-81.693606667,1.4,185.7,
T,2021-04-15,18:59:50,28.623260000,-81.693608333,1.8,189.6,
T,2021-04-15,18:59:51,28.623253333,-81.693610000,1.8,194.3,
T,2021-04-15,18:59:52,28.623245000,-81.693613333,2.1,187.1,
T,2021-04-15,18:59:53,28.623236667,-81.693613333,2.2,179.0,
T,2021-04-15,18:59:54,28.623228333,-81.693613333,2.0,176.4,
T,2021-04-15,18:59:55,28.623218333,-81.693613333,2.3,176.6,
T,2021-04-15,18:59:56,28.623210000,-81.693615000,2.2,199.5,
T,2021-04-15,18:59:57,28.623201667,-81.693616667,1.9,173.3,
T,2021-04-15,18:59:58,28.623196667,-81.693611667,2.1,100.9,
T,2021-04-15,18:59:59,28.623196667,-81.693603333,1.9,92.0,
T,2021-04-15,19:00:00,28.623195000,-81.693595000,1.2,119.6,
T,2021-04-15,19:00:01,28.623195000,-81.693598333,0.5,207.8,
T,2021-04-15,19:00:02,28.623193333,-81.693601667,0.7,272.6,
T,2021-04-15,19:00:03,28.623193333,-81.693606667,1.3,253.8,
T,2021-04-15,19:00:04,28.623191667,-81.693615000,1.5,260.9,
T,2021-04-15,19:00:05,28.623188333,-81.693621667,1.8,245.7,
T,2021-04-15,19:00:06,28.623183333,-81.693630000,2.1,228.5,
T,2021-04-15,19:00:07,28.623176667,-81.693635000,2.2,195.5,
T,2021-04-15,19:00:08,28.623166667,-81.693633333,2.6,159.1,
T,2021-04-15,19:00:09,28.623158333,-81.693628333,2.4,129.8,
T,2021-04-15,19:00:10,28.623153333,-81.693620000,2.4,107.2,
T,2021-04-15,19:00:11,28.623155000,-81.693608333,2.3,60.6,
T,2021-04-15,19:00:12,28.623161667,-81.693601667,2.0,34.5,
T,2021-04-15,19:00:13,28.623168333,-81.693598333,2.0,20.2,
T,2021-04-15,19:00:14,28.623176667,-81.693595000,1.9,35.0,
T,2021-04-15,19:00:15,28.623185000,-81.693593333,1.7,15.1,
T,2021-04-15,19:00:16,28.623191667,-81.693593333,1.9,355.4,
T,2021-04-15,19:00:17,28.623200000,-81.693596667,1.9,322.7,
T,2021-04-15,19:00:18,28.623205000,-81.693605000,2.3,302.6,
T,2021-04-15,19:00:19,28.623208333,-81.693615000,2.4,279.6,
T,2021-04-15,19:00:20,28.623206667,-81.693626667,2.6,254.5,
T,2021-04-15,19:00:21,28.623201667,-81.693638333,2.4,222.7,
T,2021-04-15,19:00:22,28.623193333,-81.693643333,2.4,202.4,
T,2021-04-15,19:00:23,28.623185000,-81.693646667,2.3,181.4,
T,2021-04-15,19:00:24,28.623175000,-81.693643333,2.6,157.3,
T,2021-04-15,19:00:25,28.623166667,-81.693636667,2.5,131.1,
T,2021-04-15,19:00:26,28.623161667,-81.693630000,1.7,121.0,
T,2021-04-15,19:00:27,28.623158333,-81.693621667,2.1,111.2,
T,2021-04-15,19:00:28,28.623156667,-81.693615000,1.6,92.2,
T,2021-04-15,19:00:29,28.623156667,-81.693606667,1.4,98.1,
T,2021-04-15,19:00:30,28.623155000,-81.693600000,1.5,108.2,
T,2021-04-15,19:00:31,28.623153333,-81.693593333,1.5,102.6,
T,2021-04-15,19:00:32,28.623153333,-81.693588333,1.5,92.0,
T,2021-04-15,19:00:33,28.623153333,-81.693580000,1.6,90.5,
T,2021-04-15,19:00:34,28.623153333,-81.693571667,1.7,97.5,
T,2021-04-15,19:00:35,28.623153333,-81.693563333,1.9,87.5,
T,2021-04-15,19:00:36,28.623155000,-81.693556667,1.8,75.9,
T,2021-04-15,19:00:37,28.623156667,-81.693546667,1.9,81.2,
T,2021-04-15,19:00:38,28.623158333,-81.693540000,1.9,72.8,
T,2021-04-15,19:00:39,28.623161667,-81.693531667,2.0,64.7,
T,2021-04-15,19:00:40,28.623165000,-81.693521667,2.2,79.6,
T,2021-04-15,19:00:41,28.623166667,-81.693513333,2.1,85.8,
T,2021-04-15,19:00:42,28.623170000,-81.693505000,1.9,59.0,
T,2021-04-15,19:00:43,28.623175000,-81.693495000,2.3,71.9,
T,2021-04-15,19:00:44,28.623178333,-81.693485000,1.7,56.4,
T,2021-04-15,19:00:45,28.623183333,-81.693476667,1.9,64.6,
T,2021-04-15,19:00:46,28.623186667,-81.693468333,2.1,82.7,
T,2021-04-15,19:00:47,28.623185000,-81.693458333,1.8,107.3,
T,2021-04-15,19:00:48,28.623186667,-81.693450000,1.9,73.6,
T,2021-04-15,19:00:49,28.623191667,-81.693440000,2.3,55.0,
T,2021-04-15,19:00:50,28.623196667,-81.693433333,1.7,60.1,
T,2021-04-15,19:00:51,28.623201667,-81.693423333,2.8,55.4,
T,2021-04-15,19:00:52,28.623206667,-81.693413333,2.0,72.7,
T,2021-04-15,19:00:53,28.623210000,-81.693405000,2.0,64.4,
T,2021-04-15,19:00:54,28.623213333,-81.693395000,2.5,78.8,
T,2021-04-15,19:00:55,28.623216667,-81.693385000,1.8,58.8,
T,2021-04-15,19:00:56,28.623220000,-81.693378333,1.5,72.8,
T,2021-04-15,19:00:57,28.623225000,-81.693373333,1.6,47.9,
T,2021-04-15,19:00:58,28.623230000,-81.693368333,1.8,33.7,
T,2021-04-15,19:00:59,28.623235000,-81.693361667,1.8,42.6,
T,2021-04-15,19:01:00,28.623238333,-81.693353333,1.8,52.1,
T,2021-04-15,19:01:01,28.623241667,-81.693345000,1.9,61.0,
T,2021-04-15,19:01:02,28.623246667,-81.693338333,1.8,52.7,
T,2021-04-15,19:01:03,28.623251667,-81.693331667,1.9,52.1,
T,2021-04-15,19:01:04,28.623256667,-81.693326667,1.7,46.2,
T,2021-04-15,19:01:05,28.623261667,-81.693318333,1.9,51.2,
T,2021-04-15,19:01:06,28.623266667,-81.693313333,1.7,54.2,
T,2021-04-15,19:01:07,28.623271667,-81.693306667,1.8,56.0,
T,2021-04-15,19:01:08,28.623276667,-81.693300000,2.0,53.0,
T,2021-04-15,19:01:09,28.623280000,-81.693293333,1.7,58.0,
T,2021-04-15,19:01:10,28.623283333,-81.693285000,1.8,59.3,
T,2021-04-15,19:01:11,28.623288333,-81.693280000,1.5,58.4,
T,2021-04-15,19:01:12,28.623293333,-81.693273333,1.7,47.0,
T,2021-04-15,19:01:13,28.623300000,-81.693263333,1.7,50.6,
T,2021-04-15,19:01:14,28.623305000,-81.693256667,1.8,45.2,
T,2021-04-15,19:01:15,28.623311667,-81.693246667,2.1,47.9,
T,2021-04-15,19:01:16,28.623316667,-81.693238333,1.7,56.9,
T,2021-04-15,19:01:17,28.623321667,-81.693231667,2.0,56.4,
T,2021-04-15,19:01:18,28.623328333,-81.693223333,2.2,54.8,
T,2021-04-15,19:01:19,28.623333333,-81.693215000,1.6,69.5,
T,2021-04-15,19:01:20,28.623338333,-81.693206667,1.9,55.4,
T,2021-04-15,19:01:21,28.623345000,-81.693200000,1.8,46.3,
T,2021-04-15,19:01:22,28.623350000,-81.693195000,1.4,42.8,
T,2021-04-15,19:01:23,28.623353333,-81.693190000,1.3,45.4,
T,2021-04-15,19:01:24,28.623356667,-81.693185000,1.4,47.0,
T,2021-04-15,19:01:25,28.623363333,-81.693178333,1.6,41.8,
T,2021-04-15,19:01:26,28.623370000,-81.693171667,1.8,45.0,
T,2021-04-15,19:01:27,28.623375000,-81.693166667,1.6,36.2,
T,2021-04-15,19:01:28,28.623381667,-81.693161667,1.9,37.0,
T,2021-04-15,19:01:29,28.623386667,-81.693155000,1.9,49.1,
T,2021-04-15,19:01:30,28.623393333,-81.693150000,1.7,38.0,
T,2021-04-15,19:01:31,28.623400000,-81.693143333,2.1,21.6,
T,2021-04-15,19:01:32,28.623406667,-81.693141667,0.6,340.0,
T,2021-04-15,19:01:33,28.623406667,-81.693145000,0.5,307.0,
T,2021-04-15,19:01:34,28.623408333,-81.693146667,0.3,320.4,
T,2021-04-15,19:01:35,28.623410000,-81.693146667,0.3,16.3,
T,2021-04-15,19:01:36,28.623410000,-81.693146667,0.1,77.2,
T,2021-04-15,19:01:37,28.623410000,-81.693146667,0.1,14.6,
T,2021-04-15,19:01:38,28.623411667,-81.693146667,0.4,154.9,
T,2021-04-15,19:01:39,28.623410000,-81.693145000,0.1,172.4,
T,2021-04-15,19:01:40,28.623408333,-81.693145000,0.1,127.5,
T,2021-04-15,19:01:41,28.623408333,-81.693145000,0.1,164.2,
T,2021-04-15,19:01:42,28.623408333,-81.693145000,0.3,44.9,
T,2021-04-15,19:01:43,28.623410000,-81.693143333,0.4,52.4,
T,2021-04-15,19:01:44,28.623410000,-81.693141667,0.9,40.5,
T,2021-04-15,19:01:45,28.623415000,-81.693136667,1.1,37.9,
T,2021-04-15,19:01:46,28.623421667,-81.693133333,1.3,38.3,
T,2021-04-15,19:01:47,28.623428333,-81.693126667,1.6,40.5,
T,2021-04-15,19:01:48,28.623433333,-81.693118333,1.6,44.0,
T,2021-04-15,19:01:49,28.623440000,-81.693110000,1.9,44.8,
T,2021-04-15,19:01:50,28.623446667,-81.693100000,1.9,46.2,
T,2021-04-15,19:01:51,28.623450000,-81.693091667,1.8,61.2,
T,2021-04-15,19:01:52,28.623453333,-81.693085000,1.5,66.1,
T,2021-04-15,19:01:53,28.623458333,-81.693078333,1.9,43.1,
T,2021-04-15,19:01:54,28.623465000,-81.693068333,2.2,48.9,
T,2021-04-15,19:01:55,28.623471667,-81.693060000,1.7,43.6,
T,2021-04-15,19:01:56,28.623476667,-81.693055000,2.1,64.6,
T,2021-04-15,19:01:57,28.623483333,-81.693045000,2.1,59.2,
T,2021-04-15,19:01:58,28.623488333,-81.693036667,2.1,69.4,
T,2021-04-15,19:01:59,28.623490000,-81.693026667,1.8,78.6,
T,2021-04-15,19:02:00,28.623493333,-81.693016667,2.1,75.7,
T,2021-04-15,19:02:01,28.623495000,-81.693005000,2.1,74.4,
T,2021-04-15,19:02:02,28.623500000,-81.692996667,1.9,70.2,
T,2021-04-15,19:02:03,28.623501667,-81.692988333,1.8,72.6,
T,2021-04-15,19:02:04,28.623505000,-81.692980000,1.9,66.9,
T,2021-04-15,19:02:05,28.623508333,-81.692971667,1.8,78.3,
T,2021-04-15,19:02:06,28.623511667,-81.692963333,1.9,73.9,
T,2021-04-15,19:02:07,28.623515000,-81.692955000,1.9,64.7,
T,2021-04-15,19:02:08,28.623518333,-81.692946667,1.9,63.0,
T,2021-04-15,19:02:09,28.623523333,-81.692940000,2.0,60.4,
T,2021-04-15,19:02:10,28.623528333,-81.692931667,1.9,51.5,
T,2021-04-15,19:02:11,28.623531667,-81.692925000,1.8,64.5,
T,2021-04-15,19:02:12,28.623535000,-81.692916667,2.2,73.8,
T,2021-04-15,19:02:13,28.623538333,-81.692908333,2.0,76.4,
T,2021-04-15,19:02:14,28.623541667,-81.692898333,2.1,73.1,
T,2021-04-15,19:02:15,28.623546667,-81.692891667,2.2,54.0,
T,2021-04-15,19:02:16,28.623551667,-81.692883333,1.8,51.8,
T,2021-04-15,19:02:17,28.623555000,-81.692875000,1.7,82.7,
T,2021-04-15,19:02:18,28.623556667,-81.692866667,2.0,67.8,
T,2021-04-15,19:02:19,28.623560000,-81.692856667,2.2,62.9,
T,2021-04-15,19:02:20,28.623566667,-81.692851667,1.7,16.4,
T,2021-04-15,19:02:21,28.623571667,-81.692846667,1.8,52.3,
T,2021-04-15,19:02:22,28.623578333,-81.692840000,2.3,45.4,
T,2021-04-15,19:02:23,28.623583333,-81.692830000,1.8,44.4,
T,2021-04-15,19:02:24,28.623588333,-81.692825000,1.6,43.1,
T,2021-04-15,19:02:25,28.623595000,-81.692818333,1.9,44.3,
T,2021-04-15,19:02:26,28.623601667,-81.692810000,2.2,37.1,
T,2021-04-15,19:02:27,28.623606667,-81.692803333,2.2,46.3,
T,2021-04-15,19:02:28,28.623611667,-81.692795000,2.0,68.6,
T,2021-04-15,19:02:29,28.623613333,-81.692785000,1.9,75.2,
T,2021-04-15,19:02:30,28.623615000,-81.692778333,1.6,79.5,
T,2021-04-15,19:02:31,28.623618333,-81.692770000,1.7,69.7,
T,2021-04-15,19:02:32,28.623621667,-81.692763333,1.8,65.5,
T,2021-04-15,19:02:33,28.623623333,-81.692751667,2.2,75.0,
T,2021-04-15,19:02:34,28.623626667,-81.692743333,1.9,81.5,
T,2021-04-15,19:02:35,28.623626667,-81.692735000,1.7,91.7,
T,2021-04-15,19:02:36,28.623626667,-81.692728333,2.0,89.4,
T,2021-04-15,19:02:37,28.623626667,-81.692720000,1.9,90.3,
T,2021-04-15,19:02:38,28.623626667,-81.692711667,2.0,93.7,
T,2021-04-15,19:02:39,28.623626667,-81.692701667,2.1,98.1,
T,2021-04-15,19:02:40,28.623625000,-81.692691667,1.7,88.7,
T,2021-04-15,19:02:41,28.623623333,-81.692683333,2.3,123.0,
T,2021-04-15,19:02:42,28.623621667,-81.692676667,1.7,107.3,
T,2021-04-15,19:02:43,28.623620000,-81.692666667,2.0,106.9,
T,2021-04-15,19:02:44,28.623620000,-81.692660000,1.0,98.3,
T,2021-04-15,19:02:45,28.623620000,-81.692658333,0.1,149.8,
T,2021-04-15,19:02:46,28.623621667,-81.692656667,0.5,33.4,
T,2021-04-15,19:02:47,28.623623333,-81.692653333,1.5,101.7,
T,2021-04-15,19:02:48,28.623621667,-81.692646667,1.7,123.3,
T,2021-04-15,19:02:49,28.623618333,-81.692640000,2.1,129.0,
T,2021-04-15,19:02:50,28.623613333,-81.692631667,1.7,114.9,
T,2021-04-15,19:02:51,28.623610000,-81.692625000,2.0,123.7,
T,2021-04-15,19:02:52,28.623606667,-81.692616667,1.9,119.3,
T,2021-04-15,19:02:53,28.623605000,-81.692610000,2.0,111.8,
T,2021-04-15,19:02:54,28.623601667,-81.692601667,1.8,128.7,
T,2021-04-15,19:02:55,28.623596667,-81.692595000,1.9,125.6,
T,2021-04-15,19:02:56,28.623593333,-81.692588333,1.9,126.4,
T,2021-04-15,19:02:57,28.623590000,-81.692581667,1.8,107.3,
T,2021-04-15,19:02:58,28.623588333,-81.692571667,2.1,103.0,
T,2021-04-15,19:02:59,28.623586667,-81.692563333,2.1,117.5,
T,2021-04-15,19:03:00,28.623581667,-81.692555000,2.2,121.0,
T,2021-04-15,19:03:01,28.623578333,-81.692545000,2.0,108.6,
T,2021-04-15,19:03:02,28.623578333,-81.692536667,1.8,103.4,
T,2021-04-15,19:03:03,28.623576667,-81.692528333,2.2,104.0,
T,2021-04-15,19:03:04,28.623573333,-81.692520000,1.9,113.0,
T,2021-04-15,19:03:05,28.623571667,-81.692511667,1.8,101.5,
T,2021-04-15,19:03:06,28.623571667,-81.692503333,2.0,96.1,
T,2021-04-15,19:03:07,28.623571667,-81.692495000,1.6,84.1,
T,2021-04-15,19:03:08,28.623571667,-81.692488333,1.9,83.4,
T,2021-04-15,19:03:09,28.623573333,-81.692478333,2.0,77.3,
T,2021-04-15,19:03:10,28.623576667,-81.692470000,1.7,69.8,
T,2021-04-15,19:03:11,28.623576667,-81.692463333,1.6,80.0,
T,2021-04-15,19:03:12,28.623580000,-81.692455000,1.9,69.0,
T,2021-04-15,19:03:13,28.623583333,-81.692448333,1.8,55.4,
T,2021-04-15,19:03:14,28.623588333,-81.692441667,1.9,51.8,
T,2021-04-15,19:03:15,28.623593333,-81.692433333,2.0,56.3,
T,2021-04-15,19:03:16,28.623598333,-81.692426667,2.0,60.2,
T,2021-04-15,19:03:17,28.623603333,-81.692418333,1.8,52.8,
T,2021-04-15,19:03:18,28.623608333,-81.692411667,2.1,53.8,
T,2021-04-15,19:03:19,28.623613333,-81.692403333,2.1,73.2,
T,2021-04-15,19:03:20,28.623615000,-81.692395000,2.1,86.1,
T,2021-04-15,19:03:21,28.623616667,-81.692386667,1.9,77.4,
T,2021-04-15,19:03:22,28.623620000,-81.692378333,1.9,66.2,
T,2021-04-15,19:03:23,28.623623333,-81.692370000,2.0,58.8,
T,2021-04-15,19:03:24,28.623626667,-81.692361667,1.8,65.9,
T,2021-04-15,19:03:25,28.623630000,-81.692353333,2.1,87.7,
T,2021-04-15,19:03:26,28.623630000,-81.692343333,1.9,80.0,
T,2021-04-15,19:03:27,28.623631667,-81.692333333,2.1,89.9,
T,2021-04-15,19:03:28,28.623630000,-81.692321667,2.1,93.8,
T,2021-04-15,19:03:29,28.623631667,-81.692311667,2.1,74.7,
T,2021-04-15,19:03:30,28.623635000,-81.692301667,2.0,80.8,
T,2021-04-15,19:03:31,28.623633333,-81.692293333,2.1,120.0,
T,2021-04-15,19:03:32,28.623628333,-81.692285000,2.2,126.3,
T,2021-04-15,19:03:33,28.623623333,-81.692275000,2.3,123.4,
T,2021-04-15,19:03:34,28.623618333,-81.692266667,1.7,110.4,
T,2021-04-15,19:03:35,28.623616667,-81.692260000,1.8,104.9,
T,2021-04-15,19:03:36,28.623615000,-81.692250000,2.0,111.4,
T,2021-04-15,19:03:37,28.623613333,-81.692240000,2.1,110.8,
T,2021-04-15,19:03:38,28.623611667,-81.692230000,2.1,105.2,
T,2021-04-15,19:03:39,28.623608333,-81.692221667,2.1,105.4,
T,2021-04-15,19:03:40,28.623606667,-81.692210000,2.2,97.3,
T,2021-04-15,19:03:41,28.623605000,-81.692200000,2.3,103.5,
T,2021-04-15,19:03:42,28.623605000,-81.692190000,1.9,91.1,
T,2021-04-15,19:03:43,28.623606667,-81.692180000,1.9,85.8,
T,2021-04-15,19:03:44,28.623608333,-81.692170000,2.3,77.0,
T,2021-04-15,19:03:45,28.623611667,-81.692160000,2.1,66.9,
T,2021-04-15,19:03:46,28.623616667,-81.692153333,1.8,34.5,
T,2021-04-15,19:03:47,28.623623333,-81.692145000,1.7,50.7,
T,2021-04-15,19:03:48,28.623628333,-81.692138333,1.7,53.4,
T,2021-04-15,19:03:49,28.623633333,-81.692131667,1.9,53.0,
T,2021-04-15,19:03:50,28.623636667,-81.692123333,1.9,56.7,
T,2021-04-15,19:03:51,28.623641667,-81.692116667,1.9,46.4,
T,2021-04-15,19:03:52,28.623648333,-81.692110000,2.0,43.2,
T,2021-04-15,19:03:53,28.623655000,-81.692103333,2.1,36.5,
T,2021-04-15,19:03:54,28.623660000,-81.692095000,2.1,43.0,
T,2021-04-15,19:03:55,28.623666667,-81.692088333,1.9,43.4,
T,2021-04-15,19:03:56,28.623673333,-81.692081667,2.0,41.2,
T,2021-04-15,19:03:57,28.623678333,-81.692075000,2.0,43.2,
T,2021-04-15,19:03:58,28.623683333,-81.692065000,2.2,60.0,
T,2021-04-15,19:03:59,28.623686667,-81.692055000,2.2,64.2,
T,2021-04-15,19:04:00,28.623688333,-81.692045000,2.1,75.2,
T,2021-04-15,19:04:01,28.623691667,-81.692036667,1.9,84.6,
T,2021-04-15,19:04:02,28.623691667,-81.692026667,2.0,81.0,
T,2021-04-15,19:04:03,28.623693333,-81.692016667,2.2,81.9,
T,2021-04-15,19:04:04,28.623695000,-81.692006667,2.0,79.2,
T,2021-04-15,19:04:05,28.623695000,-81.691998333,2.0,95.5,
T,2021-04-15,19:04:06,28.623695000,-81.691988333,2.2,96.7,
T,2021-04-15,19:04:07,28.623693333,-81.691976667,2.0,97.4,
T,2021-04-15,19:04:08,28.623693333,-81.691966667,2.0,86.5,
T,2021-04-15,19:04:09,28.623695000,-81.691958333,2.0,68.4,
T,2021-04-15,19:04:10,28.623698333,-81.691948333,2.3,72.8,
T,2021-04-15,19:04:11,28.623701667,-81.691938333,2.1,69.0,
T,2021-04-15,19:04:12,28.623705000,-81.691928333,2.0,69.8,
T,2021-04-15,19:04:13,28.623708333,-81.691918333,2.5,77.0,
T,2021-04-15,19:04:14,28.623711667,-81.691906667,2.2,70.2,
T,2021-04-15,19:04:15,28.623715000,-81.691896667,2.1,78.2,
T,2021-04-15,19:04:16,28.623716667,-81.691888333,2.0,67.1,
T,2021-04-15,19:04:17,28.623721667,-81.691880000,1.9,48.2,
T,2021-04-15,19:04:18,28.623728333,-81.691875000,2.0,36.4,
T,2021-04-15,19:04:19,28.623735000,-81.691868333,1.9,32.4,
T,2021-04-15,19:04:20,28.623743333,-81.691865000,2.1,25.8,
T,2021-04-15,19:04:21,28.623750000,-81.691860000,2.4,45.0,
T,2021-04-15,19:04:22,28.623756667,-81.691851667,2.3,45.9,
T,2021-04-15,19:04:23,28.623761667,-81.691843333,2.2,56.8,
T,2021-04-15,19:04:24,28.623766667,-81.691836667,2.0,63.7,
T,2021-04-15,19:04:25,28.623770000,-81.691828333,1.9,50.5,
T,2021-04-15,19:04:26,28.623776667,-81.691821667,2.1,41.9,
T,2021-04-15,19:04:27,28.623781667,-81.691815000,2.3,48.7,
T,2021-04-15,19:04:28,28.623788333,-81.691806667,2.3,48.0,
T,2021-04-15,19:04:29,28.623795000,-81.691800000,2.0,44.6,
T,2021-04-15,19:04:30,28.623800000,-81.691795000,1.8,36.6,
T,2021-04-15,19:04:31,28.623806667,-81.691790000,2.1,39.4,
T,2021-04-15,19:04:32,28.623813333,-81.691783333,2.2,38.0,
T,2021-04-15,19:04:33,28.623820000,-81.691778333,2.0,37.9,
T,2021-04-15,19:04:34,28.623826667,-81.691771667,2.2,39.8,
T,2021-04-15,19:04:35,28.623833333,-81.691765000,2.0,43.9,
T,2021-04-15,19:04:36,28.623838333,-81.691758333,2.0,54.3,
T,2021-04-15,19:04:37,28.623843333,-81.691751667,2.1,63.0,
T,2021-04-15,19:04:38,28.623846667,-81.691743333,1.8,53.7,
T,2021-04-15,19:04:39,28.623851667,-81.691736667,2.1,46.8,
T,2021-04-15,19:04:40,28.623858333,-81.691730000,2.3,49.0,
T,2021-04-15,19:04:41,28.623863333,-81.691723333,2.0,40.2,
T,2021-04-15,19:04:42,28.623870000,-81.691718333,2.1,40.7,
T,2021-04-15,19:04:43,28.623876667,-81.691711667,2.0,48.0,
T,2021-04-15,19:04:44,28.623881667,-81.691703333,2.1,54.7,
T,2021-04-15,19:04:45,28.623888333,-81.691695000,2.4,50.3,
T,2021-04-15,19:04:46,28.623893333,-81.691686667,2.3,56.2,
T,2021-04-15,19:04:47,28.623900000,-81.691680000,1.9,49.4,
T,2021-04-15,19:04:48,28.623903333,-81.691671667,2.4,61.6,
T,2021-04-15,19:04:49,28.623906667,-81.691661667,2.1,61.3,
T,2021-04-15,19:04:50,28.623910000,-81.691653333,2.1,60.4,
T,2021-04-15,19:04:51,28.623915000,-81.691645000,2.1,106.4,
T,2021-04-15,19:04:52,28.623915000,-81.691635000,2.3,57.0,
T,2021-04-15,19:04:53,28.623918333,-81.691626667,1.9,59.6,
T,2021-04-15,19:04:54,28.623923333,-81.691620000,1.8,52.0,
T,2021-04-15,19:04:55,28.623926667,-81.691615000,1.1,50.0,
T,2021-04-15,19:04:56,28.623930000,-81.691611667,1.1,62.4,
T,2021-04-15,19:04:57,28.623930000,-81.691606667,0.7,76.5,
T,2021-04-15,19:04:58,28.623930000,-81.691603333,0.5,83.9,
T,2021-04-15,19:04:59,28.623930000,-81.691601667,0.3,147.3,
T,2021-04-15,19:05:00,28.623931667,-81.691600000,0.6,66.9,
T,2021-04-15,19:05:01,28.623931667,-81.691598333,1.1,61.0,
T,2021-04-15,19:05:02,28.623935000,-81.691593333,1.3,58.5,
T,2021-04-15,19:05:03,28.623943333,-81.691585000,2.0,45.6,
T,2021-04-15,19:05:04,28.623948333,-81.691578333,1.9,47.8,
T,2021-04-15,19:05:05,28.623951667,-81.691570000,2.1,62.5,
T,2021-04-15,19:05:06,28.623955000,-81.691561667,2.2,73.8,
T,2021-04-15,19:05:07,28.623960000,-81.691553333,1.9,58.4,
T,2021-04-15,19:05:08,28.623965000,-81.691546667,2.0,53.4,
T,2021-04-15,19:05:09,28.623968333,-81.691540000,2.1,55.8,
T,2021-04-15,19:05:10,28.623973333,-81.691531667,1.8,52.3,
T,2021-04-15,19:05:11,28.623981667,-81.691526667,2.2,25.3,
T,2021-04-15,19:05:12,28.623988333,-81.691523333,1.2,18.2,
T,2021-04-15,19:05:13,28.623990000,-81.691518333,1.7,87.5,
T,2021-04-15,19:05:14,28.623991667,-81.691511667,1.7,43.4,
T,2021-04-15,19:05:15,28.623995000,-81.691505000,1.8,65.8,
T,2021-04-15,19:05:16,28.623996667,-81.691496667,1.8,70.1,
T,2021-04-15,19:05:17,28.623998333,-81.691488333,1.9,60.6,
T,2021-04-15,19:05:18,28.624001667,-81.691478333,2.1,56.0,
T,2021-04-15,19:05:19,28.624006667,-81.691471667,1.5,59.5,
T,2021-04-15,19:05:20,28.624010000,-81.691465000,1.5,52.1,
T,2021-04-15,19:05:21,28.624013333,-81.691458333,2.1,55.6,
T,2021-04-15,19:05:22,28.624020000,-81.691450000,2.5,48.2,
T,2021-04-15,19:05:23,28.624026667,-81.691441667,2.2,54.8,
T,2021-04-15,19:05:24,28.624031667,-81.691433333,2.1,51.7,
T,2021-04-15,19:05:25,28.624036667,-81.691425000,1.9,46.9,
T,2021-04-15,19:05:26,28.624040000,-81.691418333,1.6,72.2,
T,2021-04-15,19:05:27,28.624043333,-81.691410000,1.9,79.1,
T,2021-04-15,19:05:28,28.624045000,-81.691401667,2.0,68.7,
T,2021-04-15,19:05:29,28.624048333,-81.691393333,2.0,61.9,
T,2021-04-15,19:05:30,28.624051667,-81.691385000,1.6,74.9,
T,2021-04-15,19:05:31,28.624051667,-81.691376667,1.6,84.8,
T,2021-04-15,19:05:32,28.624053333,-81.691370000,1.9,75.0,
T,2021-04-15,19:05:33,28.624055000,-81.691361667,1.7,95.3,
T,2021-04-15,19:05:34,28.624055000,-81.691353333,1.7,90.2,
T,2021-04-15,19:05:35,28.624055000,-81.691345000,2.1,85.0,
T,2021-04-15,19:05:36,28.624056667,-81.691336667,2.1,73.3,
T,2021-04-15,19:05:37,28.624060000,-81.691326667,2.0,81.4,
T,2021-04-15,19:05:38,28.624061667,-81.691318333,2.1,68.5,
T,2021-04-15,19:05:39,28.624066667,-81.691308333,2.4,62.0,
T,2021-04-15,19:05:40,28.624070000,-81.691300000,2.0,58.7,
T,2021-04-15,19:05:41,28.624075000,-81.691293333,1.7,36.2,
T,2021-04-15,19:05:42,28.624083333,-81.691286667,2.7,27.6,
T,2021-04-15,19:05:43,28.624091667,-81.691280000,2.6,27.0,
T,2021-04-15,19:05:44,28.624098333,-81.691273333,1.9,47.8,
T,2021-04-15,19:05:45,28.624105000,-81.691268333,2.0,26.5,
T,2021-04-15,19:05:46,28.624111667,-81.691265000,2.1,13.4,
T,2021-04-15,19:05:47,28.624120000,-81.691263333,2.1,18.0,
T,2021-04-15,19:05:48,28.624128333,-81.691260000,1.9,16.1,
T,2021-04-15,19:05:49,28.624135000,-81.691256667,2.2,39.4,
T,2021-04-15,19:05:50,28.624143333,-81.691251667,2.1,15.3,
T,2021-04-15,19:05:51,28.624151667,-81.691250000,2.2,3.0,
T,2021-04-15,19:05:52,28.624160000,-81.691250000,2.0,10.8,
T,2021-04-15,19:05:53,28.624168333,-81.691246667,1.8,27.0,
T,2021-04-15,19:05:54,28.624175000,-81.691241667,2.0,46.5,
T,2021-04-15,19:05:55,28.624180000,-81.691236667,1.5,18.9,
T,2021-04-15,19:05:56,28.624188333,-81.691235000,2.3,358.7,
T,2021-04-15,19:05:57,28.624196667,-81.691235000,2.0,12.6,
T,2021-04-15,19:05:58,28.624203333,-81.691230000,2.1,24.2,
T,2021-04-15,19:05:59,28.624211667,-81.691226667,2.2,19.4,
T,2021-04-15,19:06:00,28.624218333,-81.691223333,1.9,17.9,
T,2021-04-15,19:06:01,28.624225000,-81.691220000,1.9,25.8,
T,2021-04-15,19:06:02,28.624231667,-81.691215000,2.1,27.3,
T,2021-04-15,19:06:03,28.624240000,-81.691210000,2.3,24.9,
T,2021-04-15,19:06:04,28.624246667,-81.691203333,2.1,43.0,
T,2021-04-15,19:06:05,28.624251667,-81.691198333,1.6,38.8,
T,2021-04-15,19:06:06,28.624258333,-81.691195000,1.6,24.1,
T,2021-04-15,19:06:07,28.624263333,-81.691191667,1.7,32.4,
T,2021-04-15,19:06:08,28.624270000,-81.691188333,2.2,32.1,
T,2021-04-15,19:06:09,28.624278333,-81.691181667,2.0,43.9,
T,2021-04-15,19:06:10,28.624285000,-81.691176667,1.9,36.9,
T,2021-04-15,19:06:11,28.624290000,-81.691171667,1.9,42.7,
T,2021-04-15,19:06:12,28.624296667,-81.691165000,2.0,34.7,
T,2021-04-15,19:06:13,28.624303333,-81.691160000,2.0,31.5,
T,2021-04-15,19:06:14,28.624310000,-81.691155000,1.6,47.7,
T,2021-04-15,19:06:15,28.624313333,-81.691150000,1.8,54.3,
T,2021-04-15,19:06:16,28.624318333,-81.691143333,1.6,53.2,
T,2021-04-15,19:06:17,28.624323333,-81.691136667,1.8,57.0,
T,2021-04-15,19:06:18,28.624328333,-81.691131667,1.8,56.4,
T,2021-04-15,19:06:19,28.624335000,-81.691125000,1.8,44.9,
T,2021-04-15,19:06:20,28.624340000,-81.691120000,1.7,45.0,
T,2021-04-15,19:06:21,28.624346667,-81.691113333,1.9,40.3,
T,2021-04-15,19:06:22,28.624351667,-81.691108333,1.5,45.6,
T,2021-04-15,19:06:23,28.624356667,-81.691103333,1.8,32.4,
T,2021-04-15,19:06:24,28.624365000,-81.691101667,2.0,22.3,
T,2021-04-15,19:06:25,28.624373333,-81.691096667,2.3,13.4,
T,2021-04-15,19:06:26,28.624380000,-81.691093333,1.2,33.7,
T,2021-04-15,19:06:27,28.624386667,-81.691090000,1.7,24.0,
T,2021-04-15,19:06:28,28.624393333,-81.691086667,1.9,27.2,
T,2021-04-15,19:06:29,28.624401667,-81.691081667,2.2,30.2,
T,2021-04-15,19:06:30,28.624410000,-81.691076667,2.3,29.6,
T,2021-04-15,19:06:31,28.624418333,-81.691073333,1.8,16.7,
T,2021-04-15,19:06:32,28.624425000,-81.691070000,1.6,35.0,
T,2021-04-15,19:06:33,28.624431667,-81.691065000,2.0,42.0,
T,2021-04-15,19:06:34,28.624438333,-81.691058333,2.2,46.5,
T,2021-04-15,19:06:35,28.624445000,-81.691051667,2.0,42.3,
T,2021-04-15,19:06:36,28.624453333,-81.691043333,2.1,42.0,
T,2021-04-15,19:06:37,28.624460000,-81.691038333,2.0,40.4,
T,2021-04-15,19:06:38,28.624466667,-81.691031667,2.0,41.8,
T,2021-04-15,19:06:39,28.624475000,-81.691025000,2.3,36.4,
T,2021-04-15,19:06:40,28.624481667,-81.691018333,2.3,37.1,
T,2021-04-15,19:06:41,28.624491667,-81.691013333,2.0,40.5,
T,2021-04-15,19:06:42,28.624498333,-81.691008333,2.2,36.2,
T,2021-04-15,19:06:43,28.624506667,-81.691001667,2.2,39.3,
T,2021-04-15,19:06:44,28.624515000,-81.690996667,2.1,24.4,
T,2021-04-15,19:06:45,28.624523333,-81.690993333,2.2,23.0,
T,2021-04-15,19:06:46,28.624531667,-81.690990000,2.2,32.2,
T,2021-04-15,19:06:47,28.624540000,-81.690985000,2.0,32.3,
T,2021-04-15,19:06:48,28.624546667,-81.690981667,1.8,30.5,
T,2021-04-15,19:06:49,28.624553333,-81.690978333,1.6,16.4,
T,2021-04-15,19:06:50,28.624560000,-81.690976667,1.8,12.9,
T,2021-04-15,19:06:51,28.624568333,-81.690975000,2.1,6.1,
T,2021-04-15,19:06:52,28.624575000,-81.690973333,2.0,17.2,
T,2021-04-15,19:06:53,28.624583333,-81.690971667,1.9,15.5,
T,2021-04-15,19:06:54,28.624590000,-81.690970000,1.6,11.7,
T,2021-04-15,19:06:55,28.624596667,-81.690968333,1.6,5.9,
T,2021-04-15,19:06:56,28.624603333,-81.690966667,1.9,17.0,
T,2021-04-15,19:06:57,28.624610000,-81.690963333,2.1,21.0,
T,2021-04-15,19:06:58,28.624618333,-81.690960000,2.0,21.1,
T,2021-04-15,19:06:59,28.624625000,-81.690956667,1.6,26.8,
T,2021-04-15,19:07:00,28.624630000,-81.690953333,1.7,33.0,
T,2021-04-15,19:07:01,28.624635000,-81.690950000,1.7,25.9,
T,2021-04-15,19:07:02,28.624641667,-81.690946667,2.0,17.8,
T,2021-04-15,19:07:03,28.624650000,-81.690941667,2.1,36.4,
T,2021-04-15,19:07:04,28.624656667,-81.690938333,1.7,21.5,
T,2021-04-15,19:07:05,28.624663333,-81.690936667,1.4,352.3,
T,2021-04-15,19:07:06,28.624666667,-81.690938333,1.0,329.8,
T,2021-04-15,19:07:07,28.624668333,-81.690940000,0.3,333.5,
T,2021-04-15,19:07:08,28.624671667,-81.690936667,1.6,46.6,
T,2021-04-15,19:07:09,28.624676667,-81.690931667,1.8,39.3,
T,2021-04-15,19:07:10,28.624681667,-81.690926667,1.9,35.1,
T,2021-04-15,19:07:11,28.624686667,-81.690920000,2.1,55.1,
T,2021-04-15,19:07:12,28.624691667,-81.690911667,2.1,59.0,
T,2021-04-15,19:07:13,28.624696667,-81.690905000,1.7,36.8,
T,2021-04-15,19:07:14,28.624703333,-81.690900000,1.9,42.0,
T,2021-04-15,19:07:15,28.624710000,-81.690893333,2.4,42.6,
T,2021-04-15,19:07:16,28.624716667,-81.690885000,2.4,39.1,
T,2021-04-15,19:07:17,28.624725000,-81.690878333,2.4,40.3,
T,2021-04-15,19:07:18,28.624730000,-81.690870000,2.2,51.8,
T,2021-04-15,19:07:19,28.624736667,-81.690861667,2.2,52.3,
T,2021-04-15,19:07:20,28.624740000,-81.690853333,2.2,59.6,
T,2021-04-15,19:07:21,28.624745000,-81.690845000,2.3,48.3,
T,2021-04-15,19:07:22,28.624751667,-81.690836667,2.3,47.8,
T,2021-04-15,19:07:23,28.624756667,-81.690828333,2.1,55.2,
T,2021-04-15,19:07:24,28.624761667,-81.690821667,2.0,42.3,
T,2021-04-15,19:07:25,28.624768333,-81.690815000,2.2,36.3,
T,2021-04-15,19:07:26,28.624775000,-81.690811667,1.9,35.5,
T,2021-04-15,19:07:27,28.624781667,-81.690806667,2.0,30.1,
T,2021-04-15,19:07:28,28.624790000,-81.690801667,2.1,38.8,
T,2021-04-15,19:07:29,28.624796667,-81.690795000,2.4,33.2,
T,2021-04-15,19:07:30,28.624803333,-81.690790000,2.1,32.4,
T,2021-04-15,19:07:31,28.624811667,-81.690785000,2.1,27.4,
T,2021-04-15,19:07:32,28.624818333,-81.690780000,2.0,36.7,
T,2021-04-15,19:07:33,28.624825000,-81.690775000,1.9,41.3,
T,2021-04-15,19:07:34,28.624831667,-81.690770000,2.0,40.3,
T,2021-04-15,19:07:35,28.624836667,-81.690765000,1.7,44.1,
T,2021-04-15,19:07:36,28.624841667,-81.690760000,1.7,53.1,
T,2021-04-15,19:07:37,28.624846667,-81.690755000,2.1,35.3,
T,2021-04-15,19:07:38,28.624853333,-81.690750000,2.1,27.9,
T,2021-04-15,19:07:39,28.624861667,-81.690745000,2.2,32.2,
T,2021-04-15,19:07:40,28.624868333,-81.690738333,2.3,31.1,
T,2021-04-15,19:07:41,28.624876667,-81.690735000,1.9,27.7,
T,2021-04-15,19:07:42,28.624885000,-81.690730000,2.3,28.8,
T,2021-04-15,19:07:43,28.624893333,-81.690726667,2.4,19.8,
T,2021-04-15,19:07:44,28.624901667,-81.690721667,2.3,28.5,
T,2021-04-15,19:07:45,28.624910000,-81.690718333,1.8,26.0,
T,2021-04-15,19:07:46,28.624916667,-81.690713333,2.1,26.1,
T,2021-04-15,19:07:47,28.624925000,-81.690708333,2.4,25.2,
T,2021-04-15,19:07:48,28.624933333,-81.690703333,2.3,35.5,
T,2021-04-15,19:07:49,28.624940000,-81.690696667,2.2,43.9,
T,2021-04-15,19:07:50,28.624946667,-81.690690000,2.3,47.3,
T,2021-04-15,19:07:51,28.624953333,-81.690683333,1.8,41.6,
T,2021-04-15,19:07:52,28.624958333,-81.690678333,1.9,37.3,
T,2021-04-15,19:07:53,28.624965000,-81.690675000,1.9,35.6,
T,2021-04-15,19:07:54,28.624971667,-81.690668333,2.0,50.5,
T,2021-04-15,19:07:55,28.624976667,-81.690660000,2.1,54.5,
T,2021-04-15,19:07:56,28.624981667,-81.690653333,2.1,45.6,
T,2021-04-15,19:07:57,28.624988333,-81.690648333,1.9,31.6,
T,2021-04-15,19:07:58,28.624995000,-81.690643333,2.1,40.3,
T,2021-04-15,19:07:59,28.625001667,-81.690636667,2.2,44.0,
T,2021-04-15,19:08:00,28.625008333,-81.690630000,2.2,32.3,
T,2021-04-15,19:08:01,28.625015000,-81.690623333,2.3,38.4,
T,2021-04-15,19:08:02,28.625023333,-81.690616667,2.6,41.0,
T,2021-04-15,19:08:03,28.625031667,-81.690610000,2.3,29.6,
T,2021-04-15,19:08:04,28.625040000,-81.690605000,2.3,37.7,
T,2021-04-15,19:08:05,28.625045000,-81.690596667,2.4,66.7,
T,2021-04-15,19:08:06,28.625050000,-81.690586667,2.1,53.9,
T,2021-04-15,19:08:07,28.625055000,-81.690578333,2.2,47.4,
T,2021-04-15,19:08:08,28.625061667,-81.690571667,2.2,39.7,
T,2021-04-15,19:08:09,28.625068333,-81.690565000,2.2,42.9,
T,2021-04-15,19:08:10,28.625075000,-81.690558333,2.3,42.3,
T,2021-04-15,19:08:11,28.625080000,-81.690550000,2.1,51.8,
T,2021-04-15,19:08:12,28.625085000,-81.690541667,2.1,56.4,
T,2021-04-15,19:08:13,28.625090000,-81.690535000,2.2,41.7,
T,2021-04-15,19:08:14,28.625096667,-81.690526667,2.3,51.3,
T,2021-04-15,19:08:15,28.625103333,-81.690520000,2.1,51.0,
T,2021-04-15,19:08:16,28.625108333,-81.690513333,2.0,49.8,
T,2021-04-15,19:08:17,28.625113333,-81.690506667,2.1,43.2,
T,2021-04-15,19:08:18,28.625120000,-81.690500000,2.1,39.6,
T,2021-04-15,19:08:19,28.625126667,-81.690493333,2.1,38.7,
T,2021-04-15,19:08:20,28.625135000,-81.690486667,2.3,37.2,
T,2021-04-15,19:08:21,28.625141667,-81.690480000,2.2,26.6,
T,2021-04-15,19:08:22,28.625150000,-81.690475000,2.4,37.1,
T,2021-04-15,19:08:23,28.625156667,-81.690468333,2.4,44.1,
T,2021-04-15,19:08:24,28.625163333,-81.690461667,1.8,30.4,
T,2021-04-15,19:08:25,28.625170000,-81.690456667,2.1,37.1,
T,2021-04-15,19:08:26,28.625176667,-81.690451667,1.9,30.2,
T,2021-04-15,19:08:27,28.625183333,-81.690446667,1.8,36.1,
T,2021-04-15,19:08:28,28.625188333,-81.690441667,1.8,44.3,
T,2021-04-15,19:08:29,28.625195000,-81.690436667,1.9,40.0,
T,2021-04-15,19:08:30,28.625203333,-81.690431667,2.0,24.8,
T,2021-04-15,19:08:31,28.625210000,-81.690426667,2.0,28.6,
T,2021-04-15,19:08:32,28.625218333,-81.690421667,2.4,37.1,
T,2021-04-15,19:08:33,28.625226667,-81.690418333,2.2,22.9,
T,2021-04-15,19:08:34,28.625235000,-81.690413333,2.5,32.9,
T,2021-04-15,19:08:35,28.625245000,-81.690408333,2.5,26.4,
T,2021-04-15,19:08:36,28.625253333,-81.690405000,2.2,21.4,
T,2021-04-15,19:08:37,28.625260000,-81.690400000,1.9,43.5,
T,2021-04-15,19:08:38,28.625265000,-81.690393333,2.0,51.7,
T,2021-04-15,19:08:39,28.625270000,-81.690386667,2.0,43.1,
T,2021-04-15,19:08:40,28.625278333,-81.690381667,2.1,35.0,
T,2021-04-15,19:08:41,28.625283333,-81.690376667,1.7,46.1,
T,2021-04-15,19:08:42,28.625288333,-81.690371667,1.9,37.9,
T,2021-04-15,19:08:43,28.625293333,-81.690368333,1.5,35.2,
T,2021-04-15,19:08:44,28.625301667,-81.690365000,1.7,28.3,
T,2021-04-15,19:08:45,28.625306667,-81.690361667,1.8,31.4,
T,2021-04-15,19:08:46,28.625313333,-81.690355000,1.8,52.1,
T,2021-04-15,19:08:47,28.625318333,-81.690348333,1.9,51.8,
T,2021-04-15,19:08:48,28.625326667,-81.690341667,1.8,43.5,
T,2021-04-15,19:08:49,28.625331667,-81.690335000,2.1,52.0,
T,2021-04-15,19:08:50,28.625338333,-81.690328333,2.1,53.4,
T,2021-04-15,19:08:51,28.625345000,-81.690320000,2.5,54.9,
T,2021-04-15,19:08:52,28.625351667,-81.690311667,2.2,55.0,
T,2021-04-15,19:08:53,28.625358333,-81.690303333,2.4,58.5,
T,2021-04-15,19:08:54,28.625365000,-81.690293333,2.6,47.1,
T,2021-04-15,19:08:55,28.625371667,-81.690286667,2.4,45.0,
T,2021-04-15,19:08:56,28.625378333,-81.690278333,2.6,54.9,
T,2021-04-15,19:08:57,28.625383333,-81.690270000,2.3,53.8,
T,2021-04-15,19:08:58,28.625390000,-81.690261667,2.2,59.2,
T,2021-04-15,19:08:59,28.625395000,-81.690253333,2.4,51.4,
T,2021-04-15,19:09:00,28.625401667,-81.690245000,2.0,56.8,
T,2021-04-15,19:09:01,28.625403333,-81.690236667,2.1,79.4,
T,2021-04-15,19:09:02,28.625406667,-81.690228333,1.7,60.0,
T,2021-04-15,19:09:03,28.625413333,-81.690220000,2.2,42.9,
T,2021-04-15,19:09:04,28.625420000,-81.690213333,2.5,59.1,
T,2021-04-15,19:09:05,28.625426667,-81.690203333,2.1,64.4,
T,2021-04-15,19:09:06,28.625430000,-81.690195000,2.0,55.7,
T,2021-04-15,19:09:07,28.625436667,-81.690188333,2.2,46.4,
T,2021-04-15,19:09:08,28.625443333,-81.690181667,2.2,48.1,
T,2021-04-15,19:09:09,28.625451667,-81.690171667,2.5,51.6,
T,2021-04-15,19:09:10,28.625456667,-81.690163333,1.9,48.0,
T,2021-04-15,19:09:11,28.625461667,-81.690156667,1.0,48.6,
T,2021-04-15,19:09:12,28.625463333,-81.690153333,0.4,81.5,
T,2021-04-15,19:09:13,28.625463333,-81.690151667,0.1,66.8,
T,2021-04-15,19:09:14,28.625463333,-81.690151667,0.0,286.3,
T,2021-04-15,19:09:15,28.625463333,-81.690151667,0.1,233.5,
T,2021-04-15,19:09:16,28.625463333,-81.690151667,0.0,158.6,
T,2021-04-15,19:09:17,28.625463333,-81.690151667,0.0,155.7,
T,2021-04-15,19:09:18,28.625463333,-81.690151667,0.0,326.9,
T,2021-04-15,19:09:19,28.625463333,-81.690151667,0.1,352.7,
T,2021-04-15,19:09:20,28.625465000,-81.690151667,0.0,335.9,
T,2021-04-15,19:09:21,28.625465000,-81.690151667,0.2,359.8,
T,2021-04-15,19:09:22,28.625465000,-81.690151667,0.3,56.6,
T,2021-04-15,19:09:23,28.625466667,-81.690150000,0.2,131.2,
T,2021-04-15,19:09:24,28.625465000,-81.690150000,0.4,333.8,
T,2021-04-15,19:09:25,28.625466667,-81.690150000,0.9,0.4,
T,2021-04-15,19:09:26,28.625471667,-81.690146667,1.5,45.0,
T,2021-04-15,19:09:27,28.625476667,-81.690140000,1.8,56.0,
T,2021-04-15,19:09:28,28.625481667,-81.690131667,2.1,61.8,
T,2021-04-15,19:09:29,28.625486667,-81.690123333,2.1,54.0,
T,2021-04-15,19:09:30,28.625491667,-81.690113333,2.2,61.9,
T,2021-04-15,19:09:31,28.625496667,-81.690105000,2.0,49.0,
T,2021-04-15,19:09:32,28.625501667,-81.690098333,1.9,68.9,
T,2021-04-15,19:09:33,28.625505000,-81.690090000,2.0,53.0,
T,2021-04-15,19:09:34,28.625511667,-81.690081667,2.3,45.0,
T,2021-04-15,19:09:35,28.625516667,-81.690075000,2.3,49.9,
T,2021-04-15,19:09:36,28.625523333,-81.690066667,2.4,51.7,
T,2021-04-15,19:09:37,28.625528333,-81.690058333,2.3,61.7,
T,2021-04-15,19:09:38,28.625535000,-81.690050000,2.3,46.5,
T,2021-04-15,19:09:39,28.625540000,-81.690041667,2.0,56.4,
T,2021-04-15,19:09:40,28.625546667,-81.690035000,2.1,47.9,
T,2021-04-15,19:09:41,28.625551667,-81.690030000,1.5,48.8,
T,2021-04-15,19:09:42,28.625556667,-81.690026667,1.5,29.8,
T,2021-04-15,19:09:43,28.625556667,-81.690021667,0.7,69.3,
T,2021-04-15,19:09:44,28.625560000,-81.690020000,0.8,45.4,
T,2021-04-15,19:09:45,28.625563333,-81.690015000,1.5,49.9,
T,2021-04-15,19:09:46,28.625568333,-81.690008333,1.8,50.4,
T,2021-04-15,19:09:47,28.625575000,-81.690005000,1.4,40.0,
T,2021-04-15,19:09:48,28.625576667,-81.690001667,1.1,42.2,
T,2021-04-15,19:09:49,28.625578333,-81.689995000,1.4,55.9,
T,2021-04-15,19:09:50,28.625583333,-81.689990000,1.4,56.1,
T,2021-04-15,19:09:51,28.625585000,-81.689985000,1.1,58.2,
T,2021-04-15,19:09:52,28.625586667,-81.689983333,0.3,72.9,
T,2021-04-15,19:09:53,28.625588333,-81.689983333,0.4,20.4,
T,2021-04-15,19:09:54,28.625591667,-81.689981667,0.6,27.5,
T,2021-04-15,19:09:55,28.625593333,-81.689981667,0.5,28.1,
T,2021-04-15,19:09:56,28.625595000,-81.689980000,0.1,18.9,
T,2021-04-15,19:09:57,28.625595000,-81.689980000,0.0,295.1,
T,2021-04-15,19:09:58,28.625595000,-81.689980000,0.1,176.3,
T,2021-04-15,19:09:59,28.625595000,-81.689980000,0.1,123.6,
T,2021-04-15,19:10:00,28.625595000,-81.689980000,0.0,13.1,
T,2021-04-15,19:10:01,28.625595000,-81.689980000,0.1,222.7,
T,2021-04-15,19:10:02,28.625595000,-81.689980000,0.2,259.3,
T,2021-04-15,19:10:03,28.625595000,-81.689981667,0.2,266.9,
T,2021-04-15,19:10:04,28.625595000,-81.689981667,0.3,296.7,
T,2021-04-15,19:10:05,28.625595000,-81.689983333,0.3,298.2,
T,2021-04-15,19:10:06,28.625595000,-81.689985000,0.4,304.7,
T,2021-04-15,19:10:07,28.625596667,-81.689986667,0.2,338.6,
T,2021-04-15,19:10:08,28.625596667,-81.689986667,0.1,15.6,
T,2021-04-15,19:10:09,28.625598333,-81.689986667,0.3,25.5,
T,2021-04-15,19:10:10,28.625598333,-81.689985000,0.8,48.9,
T,2021-04-15,19:10:11,28.625605000,-81.689976667,1.8,55.0,
T,2021-04-15,19:10:12,28.625610000,-81.689970000,1.9,65.6,
T,2021-04-15,19:10:13,28.625613333,-81.689963333,1.8,63.5,
T,2021-04-15,19:10:14,28.625618333,-81.689956667,1.8,57.6,
T,2021-04-15,19:10:15,28.625623333,-81.689948333,2.1,46.8,
T,2021-04-15,19:10:16,28.625630000,-81.689941667,2.1,44.3,
T,2021-04-15,19:10:17,28.625635000,-81.689933333,2.4,40.1,
T,2021-04-15,19:10:18,28.625641667,-81.689926667,2.0,31.3,
T,2021-04-15,19:10:19,28.625648333,-81.689918333,2.2,35.9,
T,2021-04-15,19:10:20,28.625653333,-81.689911667,2.0,48.0,
T,2021-04-15,19:10:21,28.625658333,-81.689903333,2.0,62.7,
T,2021-04-15,19:10:22,28.625661667,-81.689895000,2.3,55.4,
T,2021-04-15,19:10:23,28.625670000,-81.689885000,2.7,35.5,
T,2021-04-15,19:10:24,28.625678333,-81.689876667,2.6,37.7,
T,2021-04-15,19:10:25,28.625686667,-81.689868333,2.6,39.7,
T,2021-04-15,19:10:26,28.625693333,-81.689860000,2.3,44.2,
T,2021-04-15,19:10:27,28.625698333,-81.689851667,2.1,44.1,
T,2021-04-15,19:10:28,28.625706667,-81.689845000,2.4,33.9,
T,2021-04-15,19:10:29,28.625713333,-81.689840000,2.1,42.1,
T,2021-04-15,19:10:30,28.625720000,-81.689833333,2.3,34.4,
T,2021-04-15,19:10:31,28.625730000,-81.689828333,2.3,23.5,
T,2021-04-15,19:10:32,28.625736667,-81.689821667,2.1,35.2,
T,2021-04-15,19:10:33,28.625743333,-81.689816667,1.8,49.6,
T,2021-04-15,19:10:34,28.625748333,-81.689811667,1.6,23.4,
T,2021-04-15,19:10:35,28.625756667,-81.689810000,2.1,19.7,
T,2021-04-15,19:10:36,28.625763333,-81.689805000,1.8,28.8,
T,2021-04-15,19:10:37,28.625770000,-81.689801667,1.8,27.1,
T,2021-04-15,19:10:38,28.625775000,-81.689798333,1.8,38.8,
T,2021-04-15,19:10:39,28.625781667,-81.689793333,2.0,25.7,
T,2021-04-15,19:10:40,28.625790000,-81.689788333,2.0,27.5,
T,2021-04-15,19:10:41,28.625796667,-81.689783333,1.9,38.6,
T,2021-04-15,19:10:42,28.625803333,-81.689780000,2.1,13.9,
T,2021-04-15,19:10:43,28.625811667,-81.689776667,1.7,12.8,
T,2021-04-15,19:10:44,28.625816667,-81.689773333,1.5,23.6,
T,2021-04-15,19:10:45,28.625821667,-81.689770000,1.7,42.2,
T,2021-04-15,19:10:46,28.625828333,-81.689763333,2.0,34.0,
T,2021-04-15,19:10:47,28.625835000,-81.689760000,1.9,16.6,
T,2021-04-15,19:10:48,28.625841667,-81.689756667,1.5,15.7,
T,2021-04-15,19:10:49,28.625848333,-81.689755000,1.9,27.4,
T,2021-04-15,19:10:50,28.625856667,-81.689751667,1.9,34.1,
T,2021-04-15,19:10:51,28.625860000,-81.689745000,1.4,75.6,
T,2021-04-15,19:10:52,28.625863333,-81.689741667,1.1,47.1,
T,2021-04-15,19:10:53,28.625866667,-81.689738333,0.9,47.5,
T,2021-04-15,19:10:54,28.625868333,-81.689738333,0.3,55.8,
T,2021-04-15,19:10:55,28.625870000,-81.689738333,0.2,13.6,
T,2021-04-15,19:10:56,28.625871667,-81.689738333,0.1,13.4,
T,2021-04-15,19:10:57,28.625873333,-81.689736667,0.0,70.0,
T,2021-04-15,19:10:58,28.625873333,-81.689736667,0.0,56.0,
T,2021-04-15,19:10:59,28.625873333,-81.689736667,0.0,51.8,
T,2021-04-15,19:11:00,28.625873333,-81.689736667,0.1,115.3,
T,2021-04-15,19:11:01,28.625873333,-81.689736667,0.1,83.3,
T,2021-04-15,19:11:02,28.625873333,-81.689735000,0.2,155.6,
T,2021-04-15,19:11:03,28.625871667,-81.689735000,0.0,134.2,
T,2021-04-15,19:11:04,28.625871667,-81.689735000,0.1,116.0,
T,2021-04-15,19:11:05,28.625871667,-81.689735000,1.1,336.0,
T,2021-04-15,19:11:06,28.625876667,-81.689735000,1.3,48.6,
T,2021-04-15,19:11:07,28.625880000,-81.689730000,1.5,40.7,
T,2021-04-15,19:11:08,28.625885000,-81.689726667,1.8,36.1,
T,2021-04-15,19:11:09,28.625891667,-81.689723333,1.8,18.3,
T,2021-04-15,19:11:10,28.625900000,-81.689720000,2.0,22.1,
T,2021-04-15,19:11:11,28.625906667,-81.689716667,1.9,25.8,
T,2021-04-15,19:11:12,28.625913333,-81.689713333,1.9,22.0,
T,2021-04-15,19:11:13,28.625920000,-81.689710000,1.6,22.4,
T,2021-04-15,19:11:14,28.625926667,-81.689708333,1.7,20.3,
T,2021-04-15,19:11:15,28.625933333,-81.689705000,2.1,24.2,
T,2021-04-15,19:11:16,28.625940000,-81.689701667,2.0,31.0,
T,2021-04-15,19:11:17,28.625948333,-81.689696667,2.1,21.3,
T,2021-04-15,19:11:18,28.625956667,-81.689693333,2.0,22.2,
T,2021-04-15,19:11:19,28.625963333,-81.689691667,1.8,12.4,
T,2021-04-15,19:11:20,28.625970000,-81.689690000,1.6,18.7,
T,2021-04-15,19:11:21,28.625976667,-81.689688333,1.7,21.8,
T,2021-04-15,19:11:22,28.625985000,-81.689686667,2.0,18.1,
T,2021-04-15,19:11:23,28.625991667,-81.689683333,1.6,12.1,
T,2021-04-15,19:11:24,28.625998333,-81.689681667,1.8,21.7,
T,2021-04-15,19:11:25,28.626006667,-81.689678333,1.8,29.6,
T,2021-04-15,19:11:26,28.626013333,-81.689673333,1.9,19.7,
T,2021-04-15,19:11:27,28.626020000,-81.689668333,1.9,12.7,
T,2021-04-15,19:11:28,28.626026667,-81.689665000,1.5,21.5,
T,2021-04-15,19:11:29,28.626033333,-81.689661667,1.7,27.9,
T,2021-04-15,19:11:30,28.626038333,-81.689655000,2.0,35.3,
T,2021-04-15,19:11:31,28.626046667,-81.689650000,1.8,25.1,
T,2021-04-15,19:11:32,28.626053333,-81.689648333,1.9,19.7,
T,2021-04-15,19:11:33,28.626061667,-81.689643333,2.0,36.5,
T,2021-04-15,19:11:34,28.626068333,-81.689636667,2.0,44.4,
T,2021-04-15,19:11:35,28.626073333,-81.689633333,1.4,21.3,
T,2021-04-15,19:11:36,28.626078333,-81.689628333,1.7,44.1,
T,2021-04-15,19:11:37,28.626086667,-81.689623333,2.2,51.7,
T,2021-04-15,19:11:38,28.626093333,-81.689615000,2.1,53.6,
T,2021-04-15,19:11:39,28.626098333,-81.689606667,2.1,56.1,
T,2021-04-15,19:11:40,28.626103333,-81.689598333,1.9,71.0,
T,2021-04-15,19:11:41,28.626108333,-81.689590000,2.1,58.8,
T,2021-04-15,19:11:42,28.626111667,-81.689581667,1.9,70.1,
T,2021-04-15,19:11:43,28.626115000,-81.689575000,1.8,72.9,
T,2021-04-15,19:11:44,28.626118333,-81.689570000,0.4,20.7,
T,2021-04-15,19:11:45,28.626120000,-81.689566667,1.1,90.2,
T,2021-04-15,19:11:46,28.626121667,-81.689560000,1.8,65.1,
T,2021-04-15,19:11:47,28.626125000,-81.689553333,1.7,68.8,
T,2021-04-15,19:11:48,28.626126667,-81.689545000,1.8,70.2,
T,2021-04-15,19:11:49,28.626130000,-81.689538333,2.0,71.9,
T,2021-04-15,19:11:50,28.626131667,-81.689528333,2.1,82.5,
T,2021-04-15,19:11:51,28.626133333,-81.689518333,2.1,79.6,
T,2021-04-15,19:11:52,28.626136667,-81.689510000,2.0,67.2,
T,2021-04-15,19:11:53,28.626140000,-81.689500000,2.2,60.3,
T,2021-04-15,19:11:54,28.626143333,-81.689491667,1.8,68.1,
T,2021-04-15,19:11:55,28.626145000,-81.689483333,2.0,74.5,
T,2021-04-15,19:11:56,28.626148333,-81.689475000,2.0,69.7,
T,2021-04-15,19:11:57,28.626151667,-81.689466667,2.2,61.4,
T,2021-04-15,19:11:58,28.626153333,-81.689456667,1.9,72.8,
T,2021-04-15,19:11:59,28.626156667,-81.689448333,1.9,63.2,
T,2021-04-15,19:12:00,28.626158333,-81.689441667,1.8,82.1,
T,2021-04-15,19:12:01,28.626158333,-81.689433333,1.9,92.2,
T,2021-04-15,19:12:02,28.626160000,-81.689423333,2.2,69.1,
T,2021-04-15,19:12:03,28.626163333,-81.689413333,2.4,61.1,
T,2021-04-15,19:12:04,28.626168333,-81.689405000,2.5,60.9,
T,2021-04-15,19:12:05,28.626175000,-81.689395000,2.6,52.1,
T,2021-04-15,19:12:06,28.626180000,-81.689386667,1.8,43.3,
T,2021-04-15,19:12:07,28.626185000,-81.689381667,1.3,43.7,
T,2021-04-15,19:12:08,28.626188333,-81.689375000,1.7,59.7,
T,2021-04-15,19:12:09,28.626191667,-81.689366667,2.1,61.8,
T,2021-04-15,19:12:10,28.626195000,-81.689358333,2.0,66.2,
T,2021-04-15,19:12:11,28.626198333,-81.689350000,1.9,52.9,
T,2021-04-15,19:12:12,28.626203333,-81.689343333,1.6,50.8,
T,2021-04-15,19:12:13,28.626210000,-81.689338333,1.6,31.3,
T,2021-04-15,19:12:14,28.626215000,-81.689333333,1.6,35.0,
T,2021-04-15,19:12:15,28.626220000,-81.689328333,2.0,37.3,
T,2021-04-15,19:12:16,28.626226667,-81.689321667,2.1,37.3,
T,2021-04-15,19:12:17,28.626233333,-81.689315000,2.0,29.2,
T,2021-04-15,19:12:18,28.626240000,-81.689310000,1.8,32.5,
T,2021-04-15,19:12:19,28.626245000,-81.689306667,1.5,22.6,
T,2021-04-15,19:12:20,28.626250000,-81.689303333,1.7,29.7,
T,2021-04-15,19:12:21,28.626255000,-81.689296667,1.9,44.1,
T,2021-04-15,19:12:22,28.626261667,-81.689291667,2.2,39.4,
T,2021-04-15,19:12:23,28.626268333,-81.689285000,2.1,51.1,
T,2021-04-15,19:12:24,28.626273333,-81.689278333,1.9,44.8,
T,2021-04-15,19:12:25,28.626280000,-81.689273333,2.3,34.5,
T,2021-04-15,19:12:26,28.626288333,-81.689268333,2.1,38.7,
T,2021-04-15,19:12:27,28.626295000,-81.689261667,2.1,42.7,
T,2021-04-15,19:12:28,28.626301667,-81.689253333,2.3,48.8,
T,2021-04-15,19:12:29,28.626308333,-81.689246667,2.3,41.2,
T,2021-04-15,19:12:30,28.626315000,-81.689240000,2.0,39.1,
T,2021-04-15,19:12:31,28.626320000,-81.689235000,1.7,32.8,
T,2021-04-15,19:12:32,28.626326667,-81.689231667,2.3,31.0,
T,2021-04-15,19:12:33,28.626335000,-81.689225000,2.2,32.7,
T,2021-04-15,19:12:34,28.626341667,-81.689218333,2.3,34.1,
T,2021-04-15,19:12:35,28.626350000,-81.689213333,1.9,30.3,
T,2021-04-15,19:12:36,28.626355000,-81.689210000,1.6,28.7,
T,2021-04-15,19:12:37,28.626361667,-81.689206667,2.0,34.0,
T,2021-04-15,19:12:38,28.626368333,-81.689201667,2.1,41.9,
T,2021-04-15,19:12:39,28.626375000,-81.689195000,2.0,40.9,
T,2021-04-15,19:12:40,28.626381667,-81.689190000,2.1,26.9,
T,2021-04-15,19:12:41,28.626390000,-81.689185000,2.2,21.1,
T,2021-04-15,19:12:42,28.626398333,-81.689180000,2.1,34.3,
T,2021-04-15,19:12:43,28.626405000,-81.689175000,2.0,31.0,
T,2021-04-15,19:12:44,28.626413333,-81.689171667,2.1,21.6,
T,2021-04-15,19:12:45,28.626420000,-81.689168333,1.7,19.4,
T,2021-04-15,19:12:46,28.626425000,-81.689168333,0.7,340.9,
T,2021-04-15,19:12:47,28.626426667,-81.689168333,0.1,289.9,
T,2021-04-15,19:12:48,28.626428333,-81.689165000,1.2,48.7,
T,2021-04-15,19:12:49,28.626433333,-81.689161667,1.5,16.4,
T,2021-04-15,19:12:50,28.626441667,-81.689156667,2.3,33.7,
T,2021-04-15,19:12:51,28.626448333,-81.689151667,1.9,23.8,
T,2021-04-15,19:12:52,28.626456667,-81.689146667,1.8,27.4,
T,2021-04-15,19:12:53,28.626463333,-81.689141667,1.9,24.6,
T,2021-04-15,19:12:54,28.626471667,-81.689138333,2.0,18.7,
T,2021-04-15,19:12:55,28.626480000,-81.689135000,2.1,14.5,
T,2021-04-15,19:12:56,28.626490000,-81.689131667,2.2,12.9,
T,2021-04-15,19:12:57,28.626498333,-81.689130000,1.9,8.7,
T,2021-04-15,19:12:58,28.626506667,-81.689126667,2.0,22.1,
T,2021-04-15,19:12:59,28.626515000,-81.689125000,2.2,11.8,
T,2021-04-15,19:13:00,28.626525000,-81.689123333,2.3,10.3,
T,2021-04-15,19:13:01,28.626535000,-81.689121667,2.4,9.7,
T,2021-04-15,19:13:02,28.626543333,-81.689121667,2.0,0.4,
T,2021-04-15,19:13:03,28.626551667,-81.689120000,1.9,2.4,
T,2021-04-15,19:13:04,28.626560000,-81.689120000,1.7,7.9,
T,2021-04-15,19:13:05,28.626568333,-81.689120000,2.2,11.2,
T,2021-04-15,19:13:06,28.626576667,-81.689118333,2.1,9.0,
T,2021-04-15,19:13:07,28.626585000,-81.689116667,1.7,16.2,
T,2021-04-15,19:13:08,28.626591667,-81.689113333,1.8,17.8,
T,2021-04-15,19:13:09,28.626596667,-81.689113333,1.5,0.2,
T,2021-04-15,19:13:10,28.626605000,-81.689113333,2.3,351.3,
T,2021-04-15,19:13:11,28.626611667,-81.689113333,1.3,24.7,
T,2021-04-15,19:13:12,28.626616667,-81.689113333,1.4,0.1,
T,2021-04-15,19:13:13,28.626623333,-81.689115000,1.7,359.4,
T,2021-04-15,19:13:14,28.626631667,-81.689115000,1.8,350.7,
T,2021-04-15,19:13:15,28.626638333,-81.689116667,1.7,354.3,
T,2021-04-15,19:13:16,28.626643333,-81.689116667,1.5,6.8,
T,2021-04-15,19:13:17,28.626648333,-81.689116667,1.5,7.7,
T,2021-04-15,19:13:18,28.626655000,-81.689118333,1.4,345.9,
T,2021-04-15,19:13:19,28.626660000,-81.689121667,1.7,346.4,
T,2021-04-15,19:13:20,28.626668333,-81.689123333,1.7,348.2,
T,2021-04-15,19:13:21,28.626675000,-81.689125000,2.0,351.0,
T,2021-04-15,19:13:22,28.626683333,-81.689126667,2.2,348.7,
T,2021-04-15,19:13:23,28.626691667,-81.689128333,1.8,354.3,
T,2021-04-15,19:13:24,28.626698333,-81.689126667,1.8,2.0,
T,2021-04-15,19:13:25,28.626706667,-81.689125000,1.8,12.8,
T,2021-04-15,19:13:26,28.626713333,-81.689125000,1.6,360.0,
T,2021-04-15,19:13:27,28.626720000,-81.689125000,1.7,349.7,
T,2021-04-15,19:13:28,28.626726667,-81.689126667,1.7,344.7,
T,2021-04-15,19:13:29,28.626735000,-81.689128333,2.1,350.0,
T,2021-04-15,19:13:30,28.626743333,-81.689128333,2.2,342.6,
T,2021-04-15,19:13:31,28.626750000,-81.689128333,1.3,10.8,
T,2021-04-15,19:13:32,28.626751667,-81.689128333,0.4,40.1,
T,2021-04-15,19:13:33,28.626751667,-81.689128333,0.2,325.4,
T,2021-04-15,19:13:34,28.626751667,-81.689128333,0.0,334.1,
T,2021-04-15,19:13:35,28.626753333,-81.689130000,0.1,21.5,
T,2021-04-15,19:13:36,28.626753333,-81.689130000,0.1,16.2,
T,2021-04-15,19:13:37,28.626753333,-81.689130000,0.3,17.8,
T,2021-04-15,19:13:38,28.626755000,-81.689128333,1.6,313.2,
T,2021-04-15,19:13:39,28.626760000,-81.689135000,1.6,324.8,
T,2021-04-15,19:13:40,28.626766667,-81.689136667,1.5,354.8,
T,2021-04-15,19:13:41,28.626773333,-81.689138333,1.8,345.5,
T,2021-04-15,19:13:42,28.626781667,-81.689138333,1.8,12.1,
T,2021-04-15,19:13:43,28.626788333,-81.689138333,2.0,349.9,
T,2021-04-15,19:13:44,28.626796667,-81.689140000,2.1,352.1,
T,2021-04-15,19:13:45,28.626806667,-81.689143333,2.1,349.8,
T,2021-04-15,19:13:46,28.626815000,-81.689145000,1.9,347.3,
T,2021-04-15,19:13:47,28.626823333,-81.689146667,1.7,358.5,
T,2021-04-15,19:13:48,28.626830000,-81.689146667,1.2,19.5,
T,2021-04-15,19:13:49,28.626833333,-81.689143333,1.0,57.1,
T,2021-04-15,19:13:50,28.626838333,-81.689141667,1.2,22.9,
T,2021-04-15,19:13:51,28.626841667,-81.689141667,0.9,315.0,
T,2021-04-15,19:13:52,28.626843333,-81.689141667,0.1,251.2,
T,2021-04-15,19:13:53,28.626843333,-81.689140000,0.9,110.6,
T,2021-04-15,19:13:54,28.626843333,-81.689135000,1.0,80.8,
T,2021-04-15,19:13:55,28.626846667,-81.689130000,1.7,61.9,
T,2021-04-15,19:13:56,28.626850000,-81.689125000,1.8,49.3,
T,2021-04-15,19:13:57,28.626856667,-81.689118333,2.1,34.9,
T,2021-04-15,19:13:58,28.626865000,-81.689115000,2.1,22.8,
T,2021-04-15,19:13:59,28.626873333,-81.689111667,1.9,11.5,
T,2021-04-15,19:14:00,28.626881667,-81.689108333,1.9,9.8,
T,2021-04-15,19:14:01,28.626890000,-81.689108333,1.8,358.9,
T,2021-04-15,19:14:02,28.626896667,-81.689108333,1.6,346.5,
T,2021-04-15,19:14:03,28.626903333,-81.689111667,1.5,342.7,
T,2021-04-15,19:14:04,28.626908333,-81.689111667,1.5,341.5,
T,2021-04-15,19:14:05,28.626911667,-81.689113333,1.1,342.4,
T,2021-04-15,19:14:06,28.626913333,-81.689113333,0.6,344.1,
T,2021-04-15,19:14:07,28.626913333,-81.689113333,0.1,314.6,
T,2021-04-15,19:14:08,28.626913333,-81.689113333,0.3,288.0,
T,2021-04-15,19:14:09,28.626913333,-81.689115000,1.3,268.2,
T,2021-04-15,19:14:10,28.626913333,-81.689121667,1.5,256.5,
T,2021-04-15,19:14:11,28.626911667,-81.689125000,1.1,247.5,
T,2021-04-15,19:14:12,28.626911667,-81.689130000,0.8,270.7,
T,2021-04-15,19:14:13,28.626910000,-81.689131667,0.7,247.1,
T,2021-04-15,19:14:14,28.626910000,-81.689133333,0.2,243.9,
T,2021-04-15,19:14:15,28.626908333,-81.689133333,0.2,239.9,
T,2021-04-15,19:14:16,28.626908333,-81.689133333,0.1,166.8,
T,2021-04-15,19:14:17,28.626908333,-81.689133333,0.8,241.1,
T,2021-04-15,19:14:18,28.626905000,-81.689138333,1.7,224.8,
T,2021-04-15,19:14:19,28.626901667,-81.689141667,1.3,219.1,
T,2021-04-15,19:14:20,28.626898333,-81.689141667,0.8,174.1,
T,2021-04-15,19:14:21,28.626893333,-81.689140000,1.3,182.3,
T,2021-04-15,19:14:22,28.626886667,-81.689141667,2.1,187.0,
T,2021-04-15,19:14:23,28.626878333,-81.689141667,1.9,174.8,
T,2021-04-15,19:14:24,28.626871667,-81.689141667,2.0,171.7,
T,2021-04-15,19:14:25,28.626863333,-81.689136667,2.5,142.7,
T,2021-04-15,19:14:26,28.626856667,-81.689128333,2.2,119.2,
T,2021-04-15,19:14:27,28.626853333,-81.689118333,2.4,99.0,
T,2021-04-15,19:14:28,28.626855000,-81.689106667,2.7,62.2,
T,2021-04-15,19:14:29,28.626865000,-81.689100000,3.6,17.4,
T,2021-04-15,19:14:30,28.626878333,-81.689100000,3.3,339.8,
T,2021-04-15,19:14:31,28.626888333,-81.689108333,2.5,315.7,
T,2021-04-15,19:14:32,28.626893333,-81.689115000,1.5,316.7,
T,2021-04-15,19:14:33,28.626896667,-81.689121667,1.8,291.8,
T,2021-04-15,19:14:34,28.626898333,-81.689130000,2.2,284.9,
T,2021-04-15,19:14:35,28.626900000,-81.689140000,2.2,278.5,
T,2021-04-15,19:14:36,28.626901667,-81.689148333,1.7,273.4,
T,2021-04-15,19:14:37,28.626900000,-81.689156667,2.2,256.1,
T,2021-04-15,19:14:38,28.626898333,-81.689166667,1.7,260.0,
T,2021-04-15,19:14:39,28.626900000,-81.689175000,1.9,289.6,
T,2021-04-15,19:14:40,28.626901667,-81.689180000,1.1,297.0,
T,2021-04-15,19:14:41,28.626901667,-81.689180000,0.6,77.1,
T,2021-04-15,19:14:42,28.626901667,-81.689178333,0.0,67.7,
T,2021-04-15,19:14:43,28.626901667,-81.689180000,0.5,287.9,
T,2021-04-15,19:14:44,28.626905000,-81.689183333,1.3,306.2,
T,2021-04-15,19:14:45,28.626910000,-81.689190000,2.0,304.9,
T,2021-04-15,19:14:46,28.626915000,-81.689196667,2.0,303.9,
T,2021-04-15,19:14:47,28.626920000,-81.689205000,1.9,305.7,
T,2021-04-15,19:14:48,28.626925000,-81.689211667,2.0,322.6,
T,2021-04-15,19:14:49,28.626931667,-81.689216667,1.6,325.3,
T,2021-04-15,19:14:50,28.626935000,-81.689220000,0.8,300.0,
T,2021-04-15,19:14:51,28.626935000,-81.689221667,0.1,265.3,
T,2021-04-15,19:14:52,28.626935000,-81.689221667,0.1,238.3,
T,2021-04-15,19:14:53,28.626935000,-81.689221667,0.4,33.7,
T,2021-04-15,19:14:54,28.626936667,-81.689223333,0.9,284.9,
T,2021-04-15,19:14:55,28.626940000,-81.689228333,1.4,319.9,
T,2021-04-15,19:14:56,28.626943333,-81.689233333,1.5,293.8,
T,2021-04-15,19:14:57,28.626946667,-81.689238333,1.8,316.2,
T,2021-04-15,19:14:58,28.626951667,-81.689245000,2.1,308.1,
T,2021-04-15,19:14:59,28.626956667,-81.689251667,1.9,313.8,
T,2021-04-15,19:15:00,28.626963333,-81.689258333,1.9,327.2,
T,2021-04-15,19:15:01,28.626970000,-81.689263333,2.1,324.4,
T,2021-04-15,19:15:02,28.626976667,-81.689268333,1.7,330.3,
T,2021-04-15,19:15:03,28.626981667,-81.689273333,1.8,312.9,
T,2021-04-15,19:15:04,28.626986667,-81.689280000,2.0,299.4,
T,2021-04-15,19:15:05,28.626991667,-81.689288333,2.1,301.7,
T,2021-04-15,19:15:06,28.626996667,-81.689296667,2.0,314.4,
T,2021-04-15,19:15:07,28.627001667,-81.689303333,2.0,305.9,
T,2021-04-15,19:15:08,28.627006667,-81.689311667,1.9,308.4,
T,2021-04-15,19:15:09,28.627011667,-81.689318333,1.9,324.4,
T,2021-04-15,19:15:10,28.627018333,-81.689326667,2.0,313.9,
T,2021-04-15,19:15:11,28.627025000,-81.689333333,1.9,323.9,
T,2021-04-15,19:15:12,28.627030000,-81.689338333,1.7,321.8,
T,2021-04-15,19:15:13,28.627036667,-81.689343333,1.9,312.0,
T,2021-04-15,19:15:14,28.627040000,-81.689350000,1.9,304.1,
T,2021-04-15,19:15:15,28.627045000,-81.689358333,2.1,310.1,
T,2021-04-15,19:15:16,28.627051667,-81.689365000,1.9,318.9,
T,2021-04-15,19:15:17,28.627058333,-81.689370000,2.0,328.8,
T,2021-04-15,19:15:18,28.627065000,-81.689373333,1.8,330.5,
T,2021-04-15,19:15:19,28.627071667,-81.689378333,1.9,331.4,
T,2021-04-15,19:15:20,28.627078333,-81.689383333,2.3,333.8,
T,2021-04-15,19:15:21,28.627086667,-81.689386667,2.2,334.3,
T,2021-04-15,19:15:22,28.627096667,-81.689391667,2.1,339.6,
T,2021-04-15,19:15:23,28.627103333,-81.689395000,2.0,342.2,
T,2021-04-15,19:15:24,28.627111667,-81.689398333,2.1,348.2,
T,2021-04-15,19:15:25,28.627120000,-81.689401667,2.1,335.0,
T,2021-04-15,19:15:26,28.627128333,-81.689405000,2.3,331.3,
T,2021-04-15,19:15:27,28.627136667,-81.689410000,2.2,333.8,
T,2021-04-15,19:15:28,28.627145000,-81.689413333,2.2,337.4,
T,2021-04-15,19:15:29,28.627153333,-81.689418333,2.4,337.3,
T,2021-04-15,19:15:30,28.627163333,-81.689421667,2.2,345.5,
T,2021-04-15,19:15:31,28.627171667,-81.689425000,2.6,340.1,
T,2021-04-15,19:15:32,28.627181667,-81.689430000,2.5,332.2,
T,2021-04-15,19:15:33,28.627190000,-81.689433333,2.3,338.4,
T,2021-04-15,19:15:34,28.627198333,-81.689436667,2.1,345.9,
T,2021-04-15,19:15:35,28.627206667,-81.689438333,2.3,345.4,
T,2021-04-15,19:15:36,28.627215000,-81.689440000,1.9,353.0,
T,2021-04-15,19:15:37,28.627220000,-81.689440000,1.2,358.3,
T,2021-04-15,19:15:38,28.627223333,-81.689440000,0.3,339.0,
T,2021-04-15,19:15:39,28.627223333,-81.689440000,0.1,68.0,
T,2021-04-15,19:15:40,28.627221667,-81.689438333,0.1,219.2,
T,2021-04-15,19:15:41,28.627223333,-81.689440000,0.8,327.8,
T,2021-04-15,19:15:42,28.627228333,-81.689441667,1.9,330.5,
T,2021-04-15,19:15:43,28.627235000,-81.689446667,1.8,337.2,
T,2021-04-15,19:15:44,28.627240000,-81.689450000,2.0,310.9,
T,2021-04-15,19:15:45,28.627246667,-81.689456667,1.9,325.9,
T,2021-04-15,19:15:46,28.627253333,-81.689460000,1.8,336.8,
T,2021-04-15,19:15:47,28.627260000,-81.689465000,2.0,326.4,
T,2021-04-15,19:15:48,28.627265000,-81.689470000,1.8,315.1,
T,2021-04-15,19:15:49,28.627271667,-81.689475000,2.0,338.2,
T,2021-04-15,19:15:50,28.627280000,-81.689478333,2.2,342.8,
T,2021-04-15,19:15:51,28.627288333,-81.689481667,2.0,339.0,
T,2021-04-15,19:15:52,28.627295000,-81.689486667,2.2,330.4,
T,2021-04-15,19:15:53,28.627303333,-81.689490000,2.1,347.0,
T,2021-04-15,19:15:54,28.627311667,-81.689493333,2.2,330.9,
T,2021-04-15,19:15:55,28.627318333,-81.689500000,2.5,312.9,
T,2021-04-15,19:15:56,28.627325000,-81.689508333,2.2,317.9,
T,2021-04-15,19:15:57,28.627331667,-81.689513333,2.1,334.1,
T,2021-04-15,19:15:58,28.627338333,-81.689518333,2.4,323.7,
T,2021-04-15,19:15:59,28.627346667,-81.689525000,2.2,320.5,
T,2021-04-15,19:16:00,28.627351667,-81.689531667,2.5,320.5,
T,2021-04-15,19:16:01,28.627360000,-81.689538333,2.6,317.6,
T,2021-04-15,19:16:02,28.627365000,-81.689546667,2.4,319.9,
T,2021-04-15,19:16:03,28.627371667,-81.689553333,2.4,305.1,
T,2021-04-15,19:16:04,28.627376667,-81.689561667,2.2,310.6,
T,2021-04-15,19:16:05,28.627381667,-81.689570000,2.1,309.3,
T,2021-04-15,19:16:06,28.627386667,-81.689576667,2.1,295.4,
T,2021-04-15,19:16:07,28.627390000,-81.689585000,2.1,294.2,
T,2021-04-15,19:16:08,28.627393333,-81.689595000,2.3,298.6,
T,2021-04-15,19:16:09,28.627400000,-81.689603333,2.5,319.9,
T,2021-04-15,19:16:10,28.627406667,-81.689610000,2.2,311.7,
T,2021-04-15,19:16:11,28.627413333,-81.689618333,2.2,298.0,
T,2021-04-15,19:16:12,28.627415000,-81.689628333,2.1,284.2,
T,2021-04-15,19:16:13,28.627416667,-81.689636667,2.1,278.9,
T,2021-04-15,19:16:14,28.627418333,-81.689645000,2.2,289.7,
T,2021-04-15,19:16:15,28.627420000,-81.689655000,2.2,287.7,
T,2021-04-15,19:16:16,28.627423333,-81.689663333,2.2,293.5,
T,2021-04-15,19:16:17,28.627425000,-81.689673333,2.2,283.8,
T,2021-04-15,19:16:18,28.627428333,-81.689683333,2.4,292.2,
T,2021-04-15,19:16:19,28.627431667,-81.689691667,2.1,293.1,
T,2021-04-15,19:16:20,28.627435000,-81.689701667,2.1,292.2,
T,2021-04-15,19:16:21,28.627436667,-81.689710000,1.8,285.5,
T,2021-04-15,19:16:22,28.627438333,-81.689716667,1.5,268.3,
T,2021-04-15,19:16:23,28.627436667,-81.689723333,1.6,266.8,
T,2021-04-15,19:16:24,28.627436667,-81.689731667,1.7,269.4,
T,2021-04-15,19:16:25,28.627438333,-81.689740000,1.9,288.2,
T,2021-04-15,19:16:26,28.627441667,-81.689748333,2.2,305.9,
T,2021-04-15,19:16:27,28.627445000,-81.689756667,2.1,287.5,
T,2021-04-15,19:16:28,28.627446667,-81.689765000,2.0,280.1,
T,2021-04-15,19:16:29,28.627448333,-81.689773333,2.1,280.4,
T,2021-04-15,19:16:30,28.627450000,-81.689783333,1.9,283.9,
T,2021-04-15,19:16:31,28.627451667,-81.689791667,2.1,294.1,
T,2021-04-15,19:16:32,28.627455000,-81.689800000,2.1,297.9,
T,2021-04-15,19:16:33,28.627458333,-81.689808333,2.1,301.4,
T,2021-04-15,19:16:34,28.627463333,-81.689816667,1.9,318.1,
T,2021-04-15,19:16:35,28.627468333,-81.689821667,1.6,305.4,
T,2021-04-15,19:16:36,28.627471667,-81.689828333,1.9,307.6,
T,2021-04-15,19:16:37,28.627476667,-81.689835000,2.0,313.0,
T,2021-04-15,19:16:38,28.627480000,-81.689838333,0.1,242.6,
T,2021-04-15,19:16:39,28.627478333,-81.689836667,0.2,214.2,
T,2021-04-15,19:16:40,28.627476667,-81.689835000,1.1,140.0,
T,2021-04-15,19:16:41,28.627475000,-81.689835000,0.4,248.6,
T,2021-04-15,19:16:42,28.627475000,-81.689835000,0.3,207.9,
T,2021-04-15,19:16:43,28.627475000,-81.689835000,0.2,294.4,
T,2021-04-15,19:16:44,28.627478333,-81.689838333,0.9,317.7,
T,2021-04-15,19:16:45,28.627481667,-81.689840000,1.3,326.4,
T,2021-04-15,19:16:46,28.627486667,-81.689843333,1.4,335.1,
T,2021-04-15,19:16:47,28.627490000,-81.689845000,0.6,16.9,
T,2021-04-15,19:16:48,28.627491667,-81.689845000,0.3,305.1,
T,2021-04-15,19:16:49,28.627491667,-81.689846667,0.3,240.9,
T,2021-04-15,19:16:50,28.627491667,-81.689846667,0.2,180.4,
T,2021-04-15,19:16:51,28.627491667,-81.689846667,0.1,193.1,
T,2021-04-15,19:16:52,28.627491667,-81.689846667,0.2,245.4,
T,2021-04-15,19:16:53,28.627490000,-81.689848333,0.6,307.8,
T,2021-04-15,19:16:54,28.627491667,-81.689850000,0.4,258.9,
T,2021-04-15,19:16:55,28.627491667,-81.689851667,1.0,310.3,
T,2021-04-15,19:16:56,28.627495000,-81.689858333,1.9,296.7,
T,2021-04-15,19:16:57,28.627500000,-81.689866667,1.8,300.8,
T,2021-04-15,19:16:58,28.627503333,-81.689873333,1.9,300.8,
T,2021-04-15,19:16:59,28.627508333,-81.689880000,2.0,314.2,
T,2021-04-15,19:17:00,28.627513333,-81.689888333,1.8,301.8,
T,2021-04-15,19:17:01,28.627518333,-81.689895000,2.0,304.0,
T,2021-04-15,19:17:02,28.627523333,-81.689901667,1.9,307.7,
T,2021-04-15,19:17:03,28.627528333,-81.689910000,1.9,304.0,
T,2021-04-15,19:17:04,28.627533333,-81.689916667,2.1,314.1,
T,2021-04-15,19:17:05,28.627540000,-81.689923333,2.1,316.2,
T,2021-04-15,19:17:06,28.627546667,-81.689928333,1.6,328.4,
T,2021-04-15,19:17:07,28.627553333,-81.689935000,2.0,315.0,
T,2021-04-15,19:17:08,28.627558333,-81.689941667,2.0,311.6,
T,2021-04-15,19:17:09,28.627565000,-81.689950000,2.2,315.5,
T,2021-04-15,19:17:10,28.627571667,-81.689956667,2.2,321.1,
T,2021-04-15,19:17:11,28.627580000,-81.689965000,2.2,315.0,
T,2021-04-15,19:17:12,28.627586667,-81.689973333,2.3,308.9,
T,2021-04-15,19:17:13,28.627591667,-81.689981667,2.0,310.5,
T,2021-04-15,19:17:14,28.627598333,-81.689990000,2.1,322.8,
T,2021-04-15,19:17:15,28.627605000,-81.689995000,2.1,320.4,
T,2021-04-15,19:17:16,28.627611667,-81.690001667,1.8,322.1,
T,2021-04-15,19:17:17,28.627616667,-81.690008333,2.1,329.2,
T,2021-04-15,19:17:18,28.627625000,-81.690015000,2.3,328.8,
T,2021-04-15,19:17:19,28.627633333,-81.690020000,2.1,336.5,
T,2021-04-15,19:17:20,28.627641667,-81.690025000,2.3,328.8,
T,2021-04-15,19:17:21,28.627650000,-81.690031667,2.2,330.1,
T,2021-04-15,19:17:22,28.627656667,-81.690038333,2.0,327.9,
T,2021-04-15,19:17:23,28.627663333,-81.690043333,2.0,322.4,
T,2021-04-15,19:17:24,28.627670000,-81.690050000,2.2,337.3,
T,2021-04-15,19:17:25,28.627678333,-81.690055000,2.4,330.7,
T,2021-04-15,19:17:26,28.627685000,-81.690060000,1.9,328.8,
T,2021-04-15,19:17:27,28.627693333,-81.690063333,1.9,337.5,
T,2021-04-15,19:17:28,28.627700000,-81.690068333,2.1,328.1,
T,2021-04-15,19:17:29,28.627708333,-81.690073333,2.2,335.6,
T,2021-04-15,19:17:30,28.627715000,-81.690076667,2.0,337.1,
T,2021-04-15,19:17:31,28.627723333,-81.690080000,1.7,342.3,
T,2021-04-15,19:17:32,28.627730000,-81.690085000,2.2,323.6,
T,2021-04-15,19:17:33,28.627736667,-81.690091667,2.3,309.5,
T,2021-04-15,19:17:34,28.627741667,-81.690100000,2.2,316.8,
T,2021-04-15,19:17:35,28.627748333,-81.690106667,2.1,317.3,
T,2021-04-15,19:17:36,28.627755000,-81.690113333,1.8,321.3,
T,2021-04-15,19:17:37,28.627760000,-81.690118333,1.6,319.0,
T,2021-04-15,19:17:38,28.627765000,-81.690123333,1.7,322.8,
T,2021-04-15,19:17:39,28.627770000,-81.690128333,1.7,318.7,
T,2021-04-15,19:17:40,28.627776667,-81.690136667,2.1,317.0,
T,2021-04-15,19:17:41,28.627781667,-81.690143333,1.9,306.3,
T,2021-04-15,19:17:42,28.627785000,-81.690151667,1.8,295.4,
T,2021-04-15,19:17:43,28.627788333,-81.690160000,2.3,292.0,
T,2021-04-15,19:17:44,28.627791667,-81.690171667,2.4,291.4,
T,2021-04-15,19:17:45,28.627795000,-81.690180000,2.3,307.3,
T,2021-04-15,19:17:46,28.627800000,-81.690188333,2.0,296.3,
T,2021-04-15,19:17:47,28.627803333,-81.690198333,2.3,305.1,
T,2021-04-15,19:17:48,28.627808333,-81.690208333,2.3,300.2,
T,2021-04-15,19:17:49,28.627811667,-81.690216667,2.1,296.3,
T,2021-04-15,19:17:50,28.627815000,-81.690225000,2.0,300.1,
T,2021-04-15,19:17:51,28.627818333,-81.690233333,1.9,298.3,
T,2021-04-15,19:17:52,28.627820000,-81.690243333,2.0,271.4,
T,2021-04-15,19:17:53,28.627821667,-81.690253333,1.8,280.5,
T,2021-04-15,19:17:54,28.627825000,-81.690261667,1.8,286.8,
T,2021-04-15,19:17:55,28.627828333,-81.690271667,1.9,284.4,
T,2021-04-15,19:17:56,28.627831667,-81.690278333,1.9,290.2,
T,2021-04-15,19:17:57,28.627836667,-81.690288333,2.1,295.9,
T,2021-04-15,19:17:58,28.627841667,-81.690296667,2.0,297.5,
T,2021-04-15,19:17:59,28.627845000,-81.690303333,1.6,302.7,
T,2021-04-15,19:18:00,28.627850000,-81.690310000,1.8,304.4,
T,2021-04-15,19:18:01,28.627853333,-81.690316667,1.6,317.0,
T,2021-04-15,19:18:02,28.627858333,-81.690323333,2.0,299.0,
T,2021-04-15,19:18:03,28.627861667,-81.690331667,2.2,295.2,
T,2021-04-15,19:18:04,28.627866667,-81.690341667,2.2,289.4,
T,2021-04-15,19:18:05,28.627870000,-81.690351667,2.3,289.9,
T,2021-04-15,19:18:06,28.627873333,-81.690360000,2.0,304.1,
T,2021-04-15,19:18:07,28.627878333,-81.690366667,1.9,304.1,
T,2021-04-15,19:18:08,28.627883333,-81.690375000,2.0,310.0,
T,2021-04-15,19:18:09,28.627888333,-81.690381667,2.0,315.4,
